,filename,class
0,1.jpg,uncracked
1,10.jpg,cracked
2,100.jpg,cracked
3,1000.jpg,cracked
4,1001.jpg,uncracked
5,1002.jpg,cracked
6,1003.jpg,cracked
7,1004.jpg,uncracked
8,1005.jpg,cracked
9,1006.jpg,uncracked
10,1007.jpg,cracked
11,1008.jpg,uncracked
12,1009.jpg,cracked
13,101.jpg,cracked
14,1010.jpg,uncracked
15,1011.jpg,uncracked
16,1012.jpg,uncracked
17,1013.jpg,uncracked
18,1014.jpg,uncracked
19,1015.jpg,uncracked
20,1016.jpg,uncracked
21,1017.jpg,cracked
22,1018.jpg,uncracked
23,1019.jpg,cracked
24,102.jpg,cracked
25,1020.jpg,cracked
26,1021.jpg,uncracked
27,1022.jpg,cracked
28,1023.jpg,cracked
29,1024.jpg,uncracked
30,1025.jpg,cracked
31,1026.jpg,cracked
32,1027.jpg,cracked
33,1028.jpg,uncracked
34,1029.jpg,uncracked
35,103.jpg,cracked
36,1030.jpg,cracked
37,1031.jpg,uncracked
38,1032.jpg,cracked
39,1033.jpg,uncracked
40,1034.jpg,cracked
41,1035.jpg,uncracked
42,1036.jpg,cracked
43,1037.jpg,uncracked
44,1038.jpg,uncracked
45,1039.jpg,cracked
46,104.jpg,cracked
47,1040.jpg,uncracked
48,1041.jpg,uncracked
49,1042.jpg,uncracked
50,1043.jpg,cracked
51,1044.jpg,uncracked
52,1045.jpg,uncracked
53,1046.jpg,cracked
54,1047.jpg,uncracked
55,1048.jpg,uncracked
56,1049.jpg,uncracked
57,105.jpg,cracked
58,1050.jpg,uncracked
59,1051.jpg,cracked
60,1052.jpg,cracked
61,1053.jpg,cracked
62,1054.jpg,cracked
63,1055.jpg,cracked
64,1056.jpg,uncracked
65,1057.jpg,cracked
66,1058.jpg,cracked
67,1059.jpg,cracked
68,106.jpg,cracked
69,1060.jpg,cracked
70,1061.jpg,uncracked
71,1062.jpg,uncracked
72,1063.jpg,uncracked
73,1064.jpg,cracked
74,1065.jpg,uncracked
75,1066.jpg,cracked
76,1067.jpg,uncracked
77,1068.jpg,uncracked
78,1069.jpg,uncracked
79,107.jpg,cracked
80,1070.jpg,cracked
81,1071.jpg,cracked
82,1072.jpg,uncracked
83,1073.jpg,uncracked
84,1074.jpg,uncracked
85,1075.jpg,uncracked
86,1076.jpg,uncracked
87,1077.jpg,uncracked
88,1078.jpg,cracked
89,1079.jpg,uncracked
90,108.jpg,cracked
91,1080.jpg,uncracked
92,1081.jpg,cracked
93,1082.jpg,uncracked
94,1083.jpg,cracked
95,1084.jpg,cracked
96,1085.jpg,cracked
97,1086.jpg,cracked
98,1087.jpg,uncracked
99,1088.jpg,cracked
100,1089.jpg,cracked
101,109.jpg,uncracked
102,1090.jpg,uncracked
103,1091.jpg,uncracked
104,1092.jpg,cracked
105,1093.jpg,uncracked
106,1094.jpg,cracked
107,1095.jpg,uncracked
108,1096.jpg,uncracked
109,1097.jpg,cracked
110,1098.jpg,uncracked
111,1099.jpg,uncracked
112,11.jpg,cracked
113,110.jpg,cracked
114,1100.jpg,cracked
115,1101.jpg,cracked
116,1102.jpg,uncracked
117,1103.jpg,uncracked
118,1104.jpg,cracked
119,1105.jpg,cracked
120,1106.jpg,cracked
121,1107.jpg,cracked
122,1108.jpg,uncracked
123,1109.jpg,uncracked
124,111.jpg,uncracked
125,1110.jpg,uncracked
126,1111.jpg,uncracked
127,1112.jpg,uncracked
128,1113.jpg,cracked
129,1114.jpg,uncracked
130,1115.jpg,uncracked
131,1116.jpg,uncracked
132,1117.jpg,cracked
133,1118.jpg,uncracked
134,1119.jpg,uncracked
135,112.jpg,cracked
136,1120.jpg,uncracked
137,1121.jpg,uncracked
138,1122.jpg,cracked
139,1123.jpg,cracked
140,1124.jpg,uncracked
141,1125.jpg,cracked
142,1126.jpg,uncracked
143,1127.jpg,cracked
144,1128.jpg,cracked
145,1129.jpg,cracked
146,113.jpg,uncracked
147,1130.jpg,uncracked
148,1131.jpg,cracked
149,1132.jpg,uncracked
150,1133.jpg,uncracked
151,1134.jpg,cracked
152,1135.jpg,uncracked
153,1136.jpg,uncracked
154,1137.jpg,uncracked
155,1138.jpg,cracked
156,1139.jpg,uncracked
157,114.jpg,uncracked
158,1140.jpg,uncracked
159,1141.jpg,cracked
160,1142.jpg,uncracked
161,1143.jpg,uncracked
162,1144.jpg,uncracked
163,1145.jpg,uncracked
164,1146.jpg,uncracked
165,1147.jpg,cracked
166,1148.jpg,uncracked
167,1149.jpg,cracked
168,115.jpg,uncracked
169,1150.jpg,uncracked
170,1151.jpg,uncracked
171,1152.jpg,uncracked
172,1153.jpg,uncracked
173,1154.jpg,cracked
174,1155.jpg,uncracked
175,1156.jpg,uncracked
176,1157.jpg,uncracked
177,1158.jpg,uncracked
178,1159.jpg,uncracked
179,116.jpg,cracked
180,1160.jpg,cracked
181,1161.jpg,cracked
182,1162.jpg,cracked
183,1163.jpg,cracked
184,1164.jpg,cracked
185,1165.jpg,cracked
186,1166.jpg,uncracked
187,1167.jpg,uncracked
188,1168.jpg,uncracked
189,1169.jpg,uncracked
190,117.jpg,uncracked
191,1170.jpg,uncracked
192,1171.jpg,uncracked
193,1172.jpg,uncracked
194,1173.jpg,cracked
195,1174.jpg,uncracked
196,1175.jpg,uncracked
197,1176.jpg,cracked
198,1177.jpg,cracked
199,1178.jpg,cracked
200,1179.jpg,uncracked
201,118.jpg,uncracked
202,1180.jpg,uncracked
203,1181.jpg,uncracked
204,1182.jpg,uncracked
205,1183.jpg,cracked
206,1184.jpg,cracked
207,1185.jpg,cracked
208,1186.jpg,cracked
209,1187.jpg,uncracked
210,1188.jpg,cracked
211,1189.jpg,cracked
212,119.jpg,cracked
213,1190.jpg,uncracked
214,1191.jpg,cracked
215,1192.jpg,uncracked
216,1193.jpg,cracked
217,1194.jpg,cracked
218,1195.jpg,uncracked
219,1196.jpg,cracked
220,1197.jpg,cracked
221,1198.jpg,cracked
222,1199.jpg,cracked
223,12.jpg,cracked
224,120.jpg,uncracked
225,1200.jpg,uncracked
226,1201.jpg,uncracked
227,1202.jpg,uncracked
228,1203.jpg,uncracked
229,1204.jpg,uncracked
230,1205.jpg,cracked
231,1206.jpg,uncracked
232,1207.jpg,uncracked
233,1208.jpg,cracked
234,1209.jpg,uncracked
235,121.jpg,uncracked
236,1210.jpg,cracked
237,1211.jpg,cracked
238,1212.jpg,cracked
239,1213.jpg,cracked
240,1214.jpg,cracked
241,1215.jpg,cracked
242,1216.jpg,cracked
243,1217.jpg,uncracked
244,1218.jpg,uncracked
245,1219.jpg,cracked
246,122.jpg,uncracked
247,1220.jpg,cracked
248,1221.jpg,uncracked
249,1222.jpg,cracked
250,1223.jpg,uncracked
251,1224.jpg,cracked
252,1225.jpg,cracked
253,1226.jpg,uncracked
254,1227.jpg,cracked
255,1228.jpg,cracked
256,1229.jpg,cracked
257,123.jpg,cracked
258,1230.jpg,uncracked
259,1231.jpg,uncracked
260,1232.jpg,uncracked
261,1233.jpg,cracked
262,1234.jpg,uncracked
263,1235.jpg,cracked
264,1236.jpg,uncracked
265,1237.jpg,uncracked
266,1238.jpg,cracked
267,1239.jpg,cracked
268,124.jpg,uncracked
269,1240.jpg,uncracked
270,1241.jpg,cracked
271,1242.jpg,uncracked
272,1243.jpg,cracked
273,1244.jpg,cracked
274,1245.jpg,cracked
275,1246.jpg,uncracked
276,1247.jpg,cracked
277,1248.jpg,uncracked
278,1249.jpg,cracked
279,125.jpg,uncracked
280,1250.jpg,uncracked
281,1251.jpg,uncracked
282,1252.jpg,uncracked
283,1253.jpg,uncracked
284,1254.jpg,cracked
285,1255.jpg,cracked
286,1256.jpg,cracked
287,1257.jpg,cracked
288,1258.jpg,uncracked
289,1259.jpg,cracked
290,126.jpg,uncracked
291,1260.jpg,cracked
292,1261.jpg,uncracked
293,1262.jpg,cracked
294,1263.jpg,cracked
295,1264.jpg,uncracked
296,1265.jpg,cracked
297,1266.jpg,uncracked
298,1267.jpg,uncracked
299,1268.jpg,uncracked
300,1269.jpg,uncracked
301,127.jpg,cracked
302,1270.jpg,cracked
303,1271.jpg,cracked
304,1272.jpg,uncracked
305,1273.jpg,uncracked
306,1274.jpg,uncracked
307,1275.jpg,uncracked
308,1276.jpg,uncracked
309,1277.jpg,cracked
310,1278.jpg,cracked
311,1279.jpg,cracked
312,128.jpg,cracked
313,1280.jpg,uncracked
314,1281.jpg,uncracked
315,1282.jpg,uncracked
316,1283.jpg,uncracked
317,1284.jpg,uncracked
318,1285.jpg,uncracked
319,1286.jpg,cracked
320,1287.jpg,uncracked
321,1288.jpg,uncracked
322,1289.jpg,cracked
323,129.jpg,cracked
324,1290.jpg,cracked
325,1291.jpg,cracked
326,1292.jpg,uncracked
327,1293.jpg,cracked
328,1294.jpg,cracked
329,1295.jpg,uncracked
330,1296.jpg,uncracked
331,1297.jpg,cracked
332,1298.jpg,cracked
333,1299.jpg,uncracked
334,13.jpg,uncracked
335,130.jpg,uncracked
336,1300.jpg,uncracked
337,1301.jpg,uncracked
338,1302.jpg,cracked
339,1303.jpg,uncracked
340,1304.jpg,uncracked
341,1305.jpg,cracked
342,1306.jpg,uncracked
343,1307.jpg,cracked
344,1308.jpg,uncracked
345,1309.jpg,cracked
346,131.jpg,uncracked
347,1310.jpg,uncracked
348,1311.jpg,cracked
349,1312.jpg,uncracked
350,1313.jpg,cracked
351,1314.jpg,uncracked
352,1315.jpg,cracked
353,1316.jpg,uncracked
354,1317.jpg,uncracked
355,1318.jpg,cracked
356,1319.jpg,uncracked
357,132.jpg,uncracked
358,1320.jpg,cracked
359,1321.jpg,uncracked
360,1322.jpg,uncracked
361,1323.jpg,uncracked
362,1324.jpg,cracked
363,1325.jpg,cracked
364,1326.jpg,uncracked
365,1327.jpg,uncracked
366,1328.jpg,uncracked
367,1329.jpg,cracked
368,133.jpg,uncracked
369,1330.jpg,cracked
370,1331.jpg,cracked
371,1332.jpg,uncracked
372,1333.jpg,cracked
373,1334.jpg,cracked
374,1335.jpg,uncracked
375,1336.jpg,cracked
376,1337.jpg,cracked
377,1338.jpg,uncracked
378,1339.jpg,uncracked
379,134.jpg,uncracked
380,1340.jpg,cracked
381,1341.jpg,cracked
382,1342.jpg,uncracked
383,1343.jpg,cracked
384,1344.jpg,cracked
385,1345.jpg,uncracked
386,1346.jpg,cracked
387,1347.jpg,uncracked
388,1348.jpg,uncracked
389,1349.jpg,cracked
390,135.jpg,cracked
391,1350.jpg,uncracked
392,1351.jpg,uncracked
393,1352.jpg,uncracked
394,1353.jpg,uncracked
395,1354.jpg,cracked
396,1355.jpg,cracked
397,1356.jpg,cracked
398,1357.jpg,cracked
399,1358.jpg,uncracked
400,1359.jpg,uncracked
401,136.jpg,uncracked
402,1360.jpg,cracked
403,1361.jpg,uncracked
404,1362.jpg,uncracked
405,1363.jpg,cracked
406,1364.jpg,uncracked
407,1365.jpg,cracked
408,1366.jpg,cracked
409,1367.jpg,cracked
410,1368.jpg,cracked
411,1369.jpg,cracked
412,137.jpg,uncracked
413,1370.jpg,uncracked
414,1371.jpg,cracked
415,1372.jpg,cracked
416,1373.jpg,uncracked
417,1374.jpg,cracked
418,1375.jpg,uncracked
419,1376.jpg,cracked
420,1377.jpg,cracked
421,1378.jpg,uncracked
422,1379.jpg,uncracked
423,138.jpg,uncracked
424,1380.jpg,cracked
425,1381.jpg,cracked
426,1382.jpg,uncracked
427,1383.jpg,cracked
428,1384.jpg,uncracked
429,1385.jpg,uncracked
430,1386.jpg,cracked
431,1387.jpg,uncracked
432,1388.jpg,cracked
433,1389.jpg,uncracked
434,139.jpg,cracked
435,1390.jpg,uncracked
436,1391.jpg,uncracked
437,1392.jpg,cracked
438,1393.jpg,cracked
439,1394.jpg,cracked
440,1395.jpg,cracked
441,1396.jpg,uncracked
442,1397.jpg,uncracked
443,1398.jpg,cracked
444,1399.jpg,cracked
445,14.jpg,uncracked
446,140.jpg,uncracked
447,1400.jpg,cracked
448,1401.jpg,cracked
449,1402.jpg,cracked
450,1403.jpg,cracked
451,1404.jpg,uncracked
452,1405.jpg,cracked
453,1406.jpg,uncracked
454,1407.jpg,uncracked
455,1408.jpg,uncracked
456,1409.jpg,uncracked
457,141.jpg,uncracked
458,1410.jpg,cracked
459,1411.jpg,cracked
460,1412.jpg,cracked
461,1413.jpg,uncracked
462,1414.jpg,uncracked
463,1415.jpg,uncracked
464,1416.jpg,uncracked
465,1417.jpg,cracked
466,1418.jpg,cracked
467,1419.jpg,cracked
468,142.jpg,cracked
469,1420.jpg,cracked
470,1421.jpg,uncracked
471,1422.jpg,uncracked
472,1423.jpg,cracked
473,1424.jpg,cracked
474,1425.jpg,uncracked
475,1426.jpg,uncracked
476,1427.jpg,uncracked
477,1428.jpg,cracked
478,1429.jpg,cracked
479,143.jpg,cracked
480,1430.jpg,cracked
481,1431.jpg,cracked
482,1432.jpg,uncracked
483,1433.jpg,uncracked
484,1434.jpg,cracked
485,1435.jpg,uncracked
486,1436.jpg,uncracked
487,1437.jpg,uncracked
488,1438.jpg,cracked
489,1439.jpg,uncracked
490,144.jpg,cracked
491,1440.jpg,uncracked
492,1441.jpg,uncracked
493,1442.jpg,cracked
494,1443.jpg,cracked
495,1444.jpg,uncracked
496,1445.jpg,uncracked
497,1446.jpg,uncracked
498,1447.jpg,uncracked
499,1448.jpg,uncracked
500,1449.jpg,cracked
501,145.jpg,uncracked
502,1450.jpg,uncracked
503,1451.jpg,cracked
504,1452.jpg,cracked
505,1453.jpg,cracked
506,1454.jpg,uncracked
507,1455.jpg,uncracked
508,1456.jpg,uncracked
509,1457.jpg,uncracked
510,1458.jpg,uncracked
511,1459.jpg,cracked
512,146.jpg,uncracked
513,1460.jpg,cracked
514,1461.jpg,uncracked
515,1462.jpg,uncracked
516,1463.jpg,cracked
517,1464.jpg,cracked
518,1465.jpg,cracked
519,1466.jpg,uncracked
520,1467.jpg,cracked
521,1468.jpg,uncracked
522,1469.jpg,uncracked
523,147.jpg,uncracked
524,1470.jpg,uncracked
525,1471.jpg,uncracked
526,1472.jpg,cracked
527,1473.jpg,cracked
528,1474.jpg,cracked
529,1475.jpg,cracked
530,1476.jpg,cracked
531,1477.jpg,cracked
532,1478.jpg,uncracked
533,1479.jpg,uncracked
534,148.jpg,uncracked
535,1480.jpg,uncracked
536,1481.jpg,uncracked
537,1482.jpg,uncracked
538,1483.jpg,cracked
539,1484.jpg,uncracked
540,1485.jpg,cracked
541,1486.jpg,cracked
542,1487.jpg,uncracked
543,1488.jpg,uncracked
544,1489.jpg,cracked
545,149.jpg,cracked
546,1490.jpg,uncracked
547,1491.jpg,uncracked
548,1492.jpg,uncracked
549,1493.jpg,cracked
550,1494.jpg,uncracked
551,1495.jpg,cracked
552,1496.jpg,uncracked
553,1497.jpg,cracked
554,1498.jpg,cracked
555,1499.jpg,cracked
556,15.jpg,cracked
557,150.jpg,cracked
558,1500.jpg,cracked
559,1501.jpg,cracked
560,1502.jpg,cracked
561,1503.jpg,cracked
562,1504.jpg,cracked
563,1505.jpg,cracked
564,1506.jpg,uncracked
565,1507.jpg,uncracked
566,1508.jpg,uncracked
567,1509.jpg,uncracked
568,151.jpg,cracked
569,1510.jpg,cracked
570,1511.jpg,uncracked
571,1512.jpg,cracked
572,1513.jpg,uncracked
573,1514.jpg,uncracked
574,1515.jpg,cracked
575,1516.jpg,cracked
576,1517.jpg,cracked
577,1518.jpg,cracked
578,1519.jpg,cracked
579,152.jpg,uncracked
580,1520.jpg,uncracked
581,1521.jpg,cracked
582,1522.jpg,uncracked
583,1523.jpg,cracked
584,1524.jpg,cracked
585,1525.jpg,uncracked
586,1526.jpg,cracked
587,1527.jpg,cracked
588,1528.jpg,cracked
589,1529.jpg,cracked
590,153.jpg,uncracked
591,1530.jpg,cracked
592,1531.jpg,uncracked
593,1532.jpg,uncracked
594,1533.jpg,uncracked
595,1534.jpg,cracked
596,1535.jpg,cracked
597,1536.jpg,uncracked
598,1537.jpg,uncracked
599,1538.jpg,cracked
600,1539.jpg,cracked
601,154.jpg,cracked
602,1540.jpg,uncracked
603,1541.jpg,uncracked
604,1542.jpg,cracked
605,1543.jpg,cracked
606,1544.jpg,uncracked
607,1545.jpg,cracked
608,1546.jpg,uncracked
609,1547.jpg,uncracked
610,1548.jpg,cracked
611,1549.jpg,cracked
612,155.jpg,cracked
613,1550.jpg,uncracked
614,1551.jpg,cracked
615,1552.jpg,cracked
616,1553.jpg,cracked
617,1554.jpg,uncracked
618,1555.jpg,cracked
619,1556.jpg,cracked
620,1557.jpg,uncracked
621,1558.jpg,uncracked
622,1559.jpg,cracked
623,156.jpg,uncracked
624,1560.jpg,uncracked
625,1561.jpg,uncracked
626,1562.jpg,uncracked
627,1563.jpg,uncracked
628,1564.jpg,uncracked
629,1565.jpg,uncracked
630,1566.jpg,uncracked
631,1567.jpg,uncracked
632,1568.jpg,uncracked
633,1569.jpg,uncracked
634,157.jpg,cracked
635,1570.jpg,cracked
636,1571.jpg,cracked
637,1572.jpg,uncracked
638,1573.jpg,cracked
639,1574.jpg,uncracked
640,1575.jpg,cracked
641,1576.jpg,cracked
642,1577.jpg,cracked
643,1578.jpg,uncracked
644,1579.jpg,uncracked
645,158.jpg,uncracked
646,1580.jpg,cracked
647,1581.jpg,uncracked
648,1582.jpg,cracked
649,1583.jpg,uncracked
650,1584.jpg,cracked
651,1585.jpg,uncracked
652,1586.jpg,uncracked
653,1587.jpg,uncracked
654,1588.jpg,uncracked
655,1589.jpg,cracked
656,159.jpg,uncracked
657,1590.jpg,cracked
658,1591.jpg,uncracked
659,1592.jpg,uncracked
660,1593.jpg,cracked
661,1594.jpg,cracked
662,1595.jpg,uncracked
663,1596.jpg,uncracked
664,1597.jpg,cracked
665,1598.jpg,uncracked
666,1599.jpg,uncracked
667,16.jpg,cracked
668,160.jpg,cracked
669,1600.jpg,cracked
670,1601.jpg,cracked
671,1602.jpg,uncracked
672,1603.jpg,cracked
673,1604.jpg,cracked
674,1605.jpg,cracked
675,1606.jpg,uncracked
676,1607.jpg,cracked
677,1608.jpg,cracked
678,1609.jpg,uncracked
679,161.jpg,uncracked
680,1610.jpg,cracked
681,1611.jpg,cracked
682,1612.jpg,uncracked
683,1613.jpg,cracked
684,1614.jpg,uncracked
685,1615.jpg,cracked
686,1616.jpg,uncracked
687,1617.jpg,cracked
688,1618.jpg,uncracked
689,1619.jpg,cracked
690,162.jpg,uncracked
691,1620.jpg,cracked
692,1621.jpg,cracked
693,1622.jpg,uncracked
694,1623.jpg,cracked
695,1624.jpg,cracked
696,1625.jpg,uncracked
697,1626.jpg,cracked
698,1627.jpg,uncracked
699,1628.jpg,cracked
700,1629.jpg,cracked
701,163.jpg,uncracked
702,1630.jpg,cracked
703,1631.jpg,cracked
704,1632.jpg,cracked
705,1633.jpg,uncracked
706,1634.jpg,cracked
707,1635.jpg,uncracked
708,1636.jpg,cracked
709,1637.jpg,uncracked
710,1638.jpg,cracked
711,1639.jpg,cracked
712,164.jpg,cracked
713,1640.jpg,cracked
714,1641.jpg,uncracked
715,1642.jpg,cracked
716,1643.jpg,uncracked
717,1644.jpg,cracked
718,1645.jpg,cracked
719,1646.jpg,cracked
720,1647.jpg,cracked
721,1648.jpg,cracked
722,1649.jpg,uncracked
723,165.jpg,uncracked
724,1650.jpg,cracked
725,1651.jpg,uncracked
726,1652.jpg,uncracked
727,1653.jpg,uncracked
728,1654.jpg,uncracked
729,1655.jpg,uncracked
730,1656.jpg,cracked
731,1657.jpg,cracked
732,1658.jpg,uncracked
733,1659.jpg,uncracked
734,166.jpg,cracked
735,1660.jpg,cracked
736,1661.jpg,uncracked
737,1662.jpg,uncracked
738,1663.jpg,cracked
739,1664.jpg,uncracked
740,1665.jpg,uncracked
741,1666.jpg,cracked
742,1667.jpg,cracked
743,1668.jpg,cracked
744,1669.jpg,cracked
745,167.jpg,cracked
746,1670.jpg,cracked
747,1671.jpg,cracked
748,1672.jpg,uncracked
749,1673.jpg,cracked
750,1674.jpg,uncracked
751,1675.jpg,uncracked
752,1676.jpg,uncracked
753,1677.jpg,uncracked
754,1678.jpg,uncracked
755,1679.jpg,uncracked
756,168.jpg,cracked
757,1680.jpg,cracked
758,1681.jpg,cracked
759,1682.jpg,uncracked
760,1683.jpg,cracked
761,1684.jpg,uncracked
762,1685.jpg,cracked
763,1686.jpg,uncracked
764,1687.jpg,cracked
765,1688.jpg,cracked
766,1689.jpg,cracked
767,169.jpg,cracked
768,1690.jpg,uncracked
769,1691.jpg,uncracked
770,1692.jpg,uncracked
771,1693.jpg,uncracked
772,1694.jpg,cracked
773,1695.jpg,cracked
774,1696.jpg,uncracked
775,1697.jpg,uncracked
776,1698.jpg,cracked
777,1699.jpg,uncracked
778,17.jpg,cracked
779,170.jpg,cracked
780,1700.jpg,uncracked
781,1701.jpg,uncracked
782,1702.jpg,uncracked
783,1703.jpg,uncracked
784,1704.jpg,uncracked
785,1705.jpg,cracked
786,1706.jpg,uncracked
787,1707.jpg,uncracked
788,1708.jpg,cracked
789,1709.jpg,cracked
790,171.jpg,cracked
791,1710.jpg,cracked
792,1711.jpg,uncracked
793,1712.jpg,uncracked
794,1713.jpg,cracked
795,1714.jpg,uncracked
796,1715.jpg,uncracked
797,1716.jpg,uncracked
798,1717.jpg,uncracked
799,1718.jpg,uncracked
800,1719.jpg,uncracked
801,172.jpg,uncracked
802,1720.jpg,uncracked
803,1721.jpg,uncracked
804,1722.jpg,uncracked
805,1723.jpg,uncracked
806,1724.jpg,uncracked
807,1725.jpg,cracked
808,1726.jpg,uncracked
809,1727.jpg,uncracked
810,1728.jpg,cracked
811,1729.jpg,uncracked
812,173.jpg,uncracked
813,1730.jpg,uncracked
814,1731.jpg,cracked
815,1732.jpg,cracked
816,1733.jpg,cracked
817,1734.jpg,cracked
818,1735.jpg,cracked
819,1736.jpg,uncracked
820,1737.jpg,uncracked
821,1738.jpg,uncracked
822,1739.jpg,uncracked
823,174.jpg,cracked
824,1740.jpg,uncracked
825,1741.jpg,cracked
826,1742.jpg,uncracked
827,1743.jpg,cracked
828,1744.jpg,cracked
829,1745.jpg,cracked
830,1746.jpg,uncracked
831,1747.jpg,uncracked
832,1748.jpg,uncracked
833,1749.jpg,uncracked
834,175.jpg,uncracked
835,1750.jpg,cracked
836,1751.jpg,cracked
837,1752.jpg,uncracked
838,1753.jpg,uncracked
839,1754.jpg,cracked
840,1755.jpg,cracked
841,1756.jpg,uncracked
842,1757.jpg,cracked
843,1758.jpg,uncracked
844,1759.jpg,cracked
845,176.jpg,uncracked
846,1760.jpg,uncracked
847,1761.jpg,uncracked
848,1762.jpg,cracked
849,1763.jpg,uncracked
850,1764.jpg,cracked
851,1765.jpg,cracked
852,1766.jpg,uncracked
853,1767.jpg,uncracked
854,1768.jpg,cracked
855,1769.jpg,cracked
856,177.jpg,uncracked
857,1770.jpg,cracked
858,1771.jpg,cracked
859,1772.jpg,uncracked
860,1773.jpg,uncracked
861,1774.jpg,cracked
862,1775.jpg,uncracked
863,1776.jpg,cracked
864,1777.jpg,cracked
865,1778.jpg,cracked
866,1779.jpg,cracked
867,178.jpg,cracked
868,1780.jpg,uncracked
869,1781.jpg,cracked
870,1782.jpg,uncracked
871,1783.jpg,cracked
872,1784.jpg,cracked
873,1785.jpg,uncracked
874,1786.jpg,cracked
875,1787.jpg,uncracked
876,1788.jpg,uncracked
877,1789.jpg,cracked
878,179.jpg,cracked
879,1790.jpg,uncracked
880,1791.jpg,uncracked
881,1792.jpg,cracked
882,1793.jpg,cracked
883,1794.jpg,uncracked
884,1795.jpg,uncracked
885,1796.jpg,uncracked
886,1797.jpg,uncracked
887,1798.jpg,uncracked
888,1799.jpg,cracked
889,18.jpg,cracked
890,180.jpg,cracked
891,1800.jpg,cracked
892,1801.jpg,cracked
893,1802.jpg,cracked
894,1803.jpg,uncracked
895,1804.jpg,cracked
896,1805.jpg,uncracked
897,1806.jpg,cracked
898,1807.jpg,cracked
899,1808.jpg,cracked
900,1809.jpg,cracked
901,181.jpg,cracked
902,1810.jpg,uncracked
903,1811.jpg,uncracked
904,1812.jpg,uncracked
905,1813.jpg,cracked
906,1814.jpg,uncracked
907,1815.jpg,uncracked
908,1816.jpg,uncracked
909,1817.jpg,cracked
910,1818.jpg,uncracked
911,1819.jpg,uncracked
912,182.jpg,cracked
913,1820.jpg,uncracked
914,1821.jpg,cracked
915,1822.jpg,uncracked
916,1823.jpg,uncracked
917,1824.jpg,cracked
918,1825.jpg,cracked
919,1826.jpg,cracked
920,1827.jpg,cracked
921,1828.jpg,uncracked
922,1829.jpg,uncracked
923,183.jpg,uncracked
924,1830.jpg,cracked
925,1831.jpg,cracked
926,1832.jpg,cracked
927,1833.jpg,cracked
928,1834.jpg,uncracked
929,1835.jpg,cracked
930,1836.jpg,cracked
931,1837.jpg,cracked
932,1838.jpg,uncracked
933,1839.jpg,cracked
934,184.jpg,uncracked
935,1840.jpg,uncracked
936,1841.jpg,cracked
937,1842.jpg,uncracked
938,1843.jpg,cracked
939,1844.jpg,uncracked
940,1845.jpg,uncracked
941,1846.jpg,cracked
942,1847.jpg,cracked
943,1848.jpg,uncracked
944,1849.jpg,uncracked
945,185.jpg,cracked
946,1850.jpg,uncracked
947,1851.jpg,cracked
948,1852.jpg,uncracked
949,1853.jpg,uncracked
950,1854.jpg,uncracked
951,1855.jpg,cracked
952,1856.jpg,cracked
953,1857.jpg,cracked
954,1858.jpg,cracked
955,1859.jpg,uncracked
956,186.jpg,uncracked
957,1860.jpg,uncracked
958,1861.jpg,cracked
959,1862.jpg,uncracked
960,1863.jpg,cracked
961,1864.jpg,cracked
962,1865.jpg,cracked
963,1866.jpg,uncracked
964,1867.jpg,uncracked
965,1868.jpg,uncracked
966,1869.jpg,cracked
967,187.jpg,cracked
968,1870.jpg,cracked
969,1871.jpg,cracked
970,1872.jpg,cracked
971,1873.jpg,cracked
972,1874.jpg,uncracked
973,1875.jpg,uncracked
974,1876.jpg,cracked
975,1877.jpg,cracked
976,1878.jpg,uncracked
977,1879.jpg,cracked
978,188.jpg,cracked
979,1880.jpg,cracked
980,1881.jpg,cracked
981,1882.jpg,cracked
982,1883.jpg,uncracked
983,1884.jpg,uncracked
984,1885.jpg,uncracked
985,1886.jpg,cracked
986,1887.jpg,uncracked
987,1888.jpg,uncracked
988,1889.jpg,uncracked
989,189.jpg,cracked
990,1890.jpg,uncracked
991,1891.jpg,cracked
992,1892.jpg,cracked
993,1893.jpg,cracked
994,1894.jpg,uncracked
995,1895.jpg,cracked
996,1896.jpg,uncracked
997,1897.jpg,cracked
998,1898.jpg,uncracked
999,1899.jpg,uncracked
1000,19.jpg,cracked
1001,190.jpg,cracked
1002,1900.jpg,cracked
1003,1901.jpg,cracked
1004,1902.jpg,cracked
1005,1903.jpg,uncracked
1006,1904.jpg,uncracked
1007,1905.jpg,cracked
1008,1906.jpg,uncracked
1009,1907.jpg,uncracked
1010,1908.jpg,uncracked
1011,1909.jpg,uncracked
1012,191.jpg,cracked
1013,1910.jpg,cracked
1014,1911.jpg,uncracked
1015,1912.jpg,uncracked
1016,1913.jpg,cracked
1017,1914.jpg,cracked
1018,1915.jpg,uncracked
1019,1916.jpg,cracked
1020,1917.jpg,cracked
1021,1918.jpg,uncracked
1022,1919.jpg,uncracked
1023,192.jpg,uncracked
1024,1920.jpg,cracked
1025,1921.jpg,uncracked
1026,1922.jpg,uncracked
1027,1923.jpg,uncracked
1028,1924.jpg,cracked
1029,1925.jpg,uncracked
1030,1926.jpg,uncracked
1031,1927.jpg,uncracked
1032,1928.jpg,cracked
1033,1929.jpg,cracked
1034,193.jpg,cracked
1035,1930.jpg,cracked
1036,1931.jpg,cracked
1037,1932.jpg,cracked
1038,1933.jpg,cracked
1039,1934.jpg,uncracked
1040,1935.jpg,uncracked
1041,1936.jpg,cracked
1042,1937.jpg,uncracked
1043,1938.jpg,uncracked
1044,1939.jpg,cracked
1045,194.jpg,cracked
1046,1940.jpg,uncracked
1047,1941.jpg,cracked
1048,1942.jpg,uncracked
1049,1943.jpg,cracked
1050,1944.jpg,uncracked
1051,1945.jpg,uncracked
1052,1946.jpg,cracked
1053,1947.jpg,uncracked
1054,1948.jpg,cracked
1055,1949.jpg,uncracked
1056,195.jpg,uncracked
1057,1950.jpg,uncracked
1058,1951.jpg,uncracked
1059,1952.jpg,cracked
1060,1953.jpg,uncracked
1061,1954.jpg,uncracked
1062,1955.jpg,uncracked
1063,1956.jpg,cracked
1064,1957.jpg,cracked
1065,1958.jpg,uncracked
1066,1959.jpg,uncracked
1067,196.jpg,uncracked
1068,1960.jpg,cracked
1069,1961.jpg,uncracked
1070,1962.jpg,cracked
1071,1963.jpg,uncracked
1072,1964.jpg,uncracked
1073,1965.jpg,cracked
1074,1966.jpg,uncracked
1075,1967.jpg,uncracked
1076,1968.jpg,uncracked
1077,1969.jpg,uncracked
1078,197.jpg,cracked
1079,1970.jpg,uncracked
1080,1971.jpg,uncracked
1081,1972.jpg,cracked
1082,1973.jpg,uncracked
1083,1974.jpg,cracked
1084,1975.jpg,cracked
1085,1976.jpg,cracked
1086,1977.jpg,uncracked
1087,1978.jpg,cracked
1088,1979.jpg,uncracked
1089,198.jpg,cracked
1090,1980.jpg,uncracked
1091,1981.jpg,cracked
1092,1982.jpg,cracked
1093,1983.jpg,cracked
1094,1984.jpg,cracked
1095,1985.jpg,uncracked
1096,1986.jpg,cracked
1097,1987.jpg,cracked
1098,1988.jpg,uncracked
1099,1989.jpg,uncracked
1100,199.jpg,uncracked
1101,1990.jpg,uncracked
1102,1991.jpg,uncracked
1103,1992.jpg,uncracked
1104,1993.jpg,uncracked
1105,1994.jpg,cracked
1106,1995.jpg,uncracked
1107,1996.jpg,uncracked
1108,1997.jpg,cracked
1109,1998.jpg,cracked
1110,1999.jpg,cracked
1111,2.jpg,cracked
1112,20.jpg,uncracked
1113,200.jpg,cracked
1114,2000.jpg,uncracked
1115,201.jpg,cracked
1116,202.jpg,cracked
1117,203.jpg,uncracked
1118,204.jpg,uncracked
1119,205.jpg,uncracked
1120,206.jpg,cracked
1121,207.jpg,uncracked
1122,208.jpg,cracked
1123,209.jpg,uncracked
1124,21.jpg,cracked
1125,210.jpg,uncracked
1126,211.jpg,uncracked
1127,212.jpg,cracked
1128,213.jpg,cracked
1129,214.jpg,uncracked
1130,215.jpg,uncracked
1131,216.jpg,cracked
1132,217.jpg,cracked
1133,218.jpg,uncracked
1134,219.jpg,cracked
1135,22.jpg,uncracked
1136,220.jpg,uncracked
1137,221.jpg,uncracked
1138,222.jpg,uncracked
1139,223.jpg,uncracked
1140,224.jpg,uncracked
1141,225.jpg,cracked
1142,226.jpg,uncracked
1143,227.jpg,uncracked
1144,228.jpg,cracked
1145,229.jpg,cracked
1146,23.jpg,uncracked
1147,230.jpg,uncracked
1148,231.jpg,uncracked
1149,232.jpg,uncracked
1150,233.jpg,uncracked
1151,234.jpg,cracked
1152,235.jpg,cracked
1153,236.jpg,uncracked
1154,237.jpg,cracked
1155,238.jpg,cracked
1156,239.jpg,cracked
1157,24.jpg,uncracked
1158,240.jpg,uncracked
1159,241.jpg,cracked
1160,242.jpg,cracked
1161,243.jpg,uncracked
1162,244.jpg,cracked
1163,245.jpg,uncracked
1164,246.jpg,uncracked
1165,247.jpg,cracked
1166,248.jpg,cracked
1167,249.jpg,uncracked
1168,25.jpg,cracked
1169,250.jpg,cracked
1170,251.jpg,cracked
1171,252.jpg,cracked
1172,253.jpg,uncracked
1173,254.jpg,uncracked
1174,255.jpg,cracked
1175,256.jpg,uncracked
1176,257.jpg,cracked
1177,258.jpg,uncracked
1178,259.jpg,cracked
1179,26.jpg,cracked
1180,260.jpg,uncracked
1181,261.jpg,cracked
1182,262.jpg,cracked
1183,263.jpg,uncracked
1184,264.jpg,cracked
1185,265.jpg,cracked
1186,266.jpg,uncracked
1187,267.jpg,cracked
1188,268.jpg,uncracked
1189,269.jpg,cracked
1190,27.jpg,cracked
1191,270.jpg,uncracked
1192,271.jpg,cracked
1193,272.jpg,cracked
1194,273.jpg,uncracked
1195,274.jpg,uncracked
1196,275.jpg,uncracked
1197,276.jpg,uncracked
1198,277.jpg,uncracked
1199,278.jpg,cracked
1200,279.jpg,uncracked
1201,28.jpg,uncracked
1202,280.jpg,cracked
1203,281.jpg,cracked
1204,282.jpg,cracked
1205,283.jpg,cracked
1206,284.jpg,cracked
1207,285.jpg,cracked
1208,286.jpg,uncracked
1209,287.jpg,uncracked
1210,288.jpg,uncracked
1211,289.jpg,uncracked
1212,29.jpg,cracked
1213,290.jpg,cracked
1214,291.jpg,cracked
1215,292.jpg,cracked
1216,293.jpg,uncracked
1217,294.jpg,uncracked
1218,295.jpg,uncracked
1219,296.jpg,cracked
1220,297.jpg,uncracked
1221,298.jpg,cracked
1222,299.jpg,cracked
1223,3.jpg,cracked
1224,30.jpg,uncracked
1225,300.jpg,uncracked
1226,301.jpg,uncracked
1227,302.jpg,uncracked
1228,303.jpg,uncracked
1229,304.jpg,cracked
1230,305.jpg,uncracked
1231,306.jpg,uncracked
1232,307.jpg,uncracked
1233,308.jpg,cracked
1234,309.jpg,uncracked
1235,31.jpg,uncracked
1236,310.jpg,uncracked
1237,311.jpg,cracked
1238,312.jpg,cracked
1239,313.jpg,cracked
1240,314.jpg,uncracked
1241,315.jpg,cracked
1242,316.jpg,cracked
1243,317.jpg,cracked
1244,318.jpg,uncracked
1245,319.jpg,uncracked
1246,32.jpg,uncracked
1247,320.jpg,uncracked
1248,321.jpg,uncracked
1249,322.jpg,uncracked
1250,323.jpg,cracked
1251,324.jpg,cracked
1252,325.jpg,cracked
1253,326.jpg,uncracked
1254,327.jpg,uncracked
1255,328.jpg,cracked
1256,329.jpg,uncracked
1257,33.jpg,uncracked
1258,330.jpg,uncracked
1259,331.jpg,cracked
1260,332.jpg,cracked
1261,333.jpg,uncracked
1262,334.jpg,uncracked
1263,335.jpg,uncracked
1264,336.jpg,uncracked
1265,337.jpg,cracked
1266,338.jpg,cracked
1267,339.jpg,cracked
1268,34.jpg,cracked
1269,340.jpg,cracked
1270,341.jpg,uncracked
1271,342.jpg,cracked
1272,343.jpg,cracked
1273,344.jpg,cracked
1274,345.jpg,uncracked
1275,346.jpg,uncracked
1276,347.jpg,cracked
1277,348.jpg,cracked
1278,349.jpg,uncracked
1279,35.jpg,cracked
1280,350.jpg,uncracked
1281,351.jpg,uncracked
1282,352.jpg,uncracked
1283,353.jpg,cracked
1284,354.jpg,uncracked
1285,355.jpg,cracked
1286,356.jpg,uncracked
1287,357.jpg,uncracked
1288,358.jpg,uncracked
1289,359.jpg,uncracked
1290,36.jpg,uncracked
1291,360.jpg,uncracked
1292,361.jpg,cracked
1293,362.jpg,uncracked
1294,363.jpg,uncracked
1295,364.jpg,cracked
1296,365.jpg,cracked
1297,366.jpg,cracked
1298,367.jpg,uncracked
1299,368.jpg,uncracked
1300,369.jpg,uncracked
1301,37.jpg,cracked
1302,370.jpg,uncracked
1303,371.jpg,uncracked
1304,372.jpg,uncracked
1305,373.jpg,cracked
1306,374.jpg,uncracked
1307,375.jpg,cracked
1308,376.jpg,uncracked
1309,377.jpg,cracked
1310,378.jpg,uncracked
1311,379.jpg,uncracked
1312,38.jpg,uncracked
1313,380.jpg,cracked
1314,381.jpg,uncracked
1315,382.jpg,cracked
1316,383.jpg,uncracked
1317,384.jpg,uncracked
1318,385.jpg,uncracked
1319,386.jpg,uncracked
1320,387.jpg,uncracked
1321,388.jpg,uncracked
1322,389.jpg,cracked
1323,39.jpg,uncracked
1324,390.jpg,uncracked
1325,391.jpg,uncracked
1326,392.jpg,uncracked
1327,393.jpg,uncracked
1328,394.jpg,uncracked
1329,395.jpg,cracked
1330,396.jpg,uncracked
1331,397.jpg,uncracked
1332,398.jpg,cracked
1333,399.jpg,uncracked
1334,4.jpg,uncracked
1335,40.jpg,uncracked
1336,400.jpg,cracked
1337,401.jpg,cracked
1338,402.jpg,cracked
1339,403.jpg,cracked
1340,404.jpg,uncracked
1341,405.jpg,cracked
1342,406.jpg,cracked
1343,407.jpg,cracked
1344,408.jpg,uncracked
1345,409.jpg,uncracked
1346,41.jpg,uncracked
1347,410.jpg,uncracked
1348,411.jpg,uncracked
1349,412.jpg,uncracked
1350,413.jpg,cracked
1351,414.jpg,cracked
1352,415.jpg,cracked
1353,416.jpg,cracked
1354,417.jpg,uncracked
1355,418.jpg,uncracked
1356,419.jpg,uncracked
1357,42.jpg,uncracked
1358,420.jpg,cracked
1359,421.jpg,uncracked
1360,422.jpg,uncracked
1361,423.jpg,cracked
1362,424.jpg,cracked
1363,425.jpg,uncracked
1364,426.jpg,uncracked
1365,427.jpg,uncracked
1366,428.jpg,uncracked
1367,429.jpg,cracked
1368,43.jpg,cracked
1369,430.jpg,cracked
1370,431.jpg,cracked
1371,432.jpg,cracked
1372,433.jpg,cracked
1373,434.jpg,cracked
1374,435.jpg,cracked
1375,436.jpg,cracked
1376,437.jpg,cracked
1377,438.jpg,cracked
1378,439.jpg,cracked
1379,44.jpg,uncracked
1380,440.jpg,uncracked
1381,441.jpg,cracked
1382,442.jpg,uncracked
1383,443.jpg,uncracked
1384,444.jpg,uncracked
1385,445.jpg,cracked
1386,446.jpg,uncracked
1387,447.jpg,uncracked
1388,448.jpg,uncracked
1389,449.jpg,cracked
1390,45.jpg,uncracked
1391,450.jpg,cracked
1392,451.jpg,uncracked
1393,452.jpg,cracked
1394,453.jpg,cracked
1395,454.jpg,uncracked
1396,455.jpg,cracked
1397,456.jpg,uncracked
1398,457.jpg,cracked
1399,458.jpg,uncracked
1400,459.jpg,uncracked
1401,46.jpg,uncracked
1402,460.jpg,cracked
1403,461.jpg,uncracked
1404,462.jpg,uncracked
1405,463.jpg,uncracked
1406,464.jpg,cracked
1407,465.jpg,cracked
1408,466.jpg,uncracked
1409,467.jpg,cracked
1410,468.jpg,cracked
1411,469.jpg,uncracked
1412,47.jpg,uncracked
1413,470.jpg,cracked
1414,471.jpg,cracked
1415,472.jpg,uncracked
1416,473.jpg,cracked
1417,474.jpg,cracked
1418,475.jpg,cracked
1419,476.jpg,uncracked
1420,477.jpg,cracked
1421,478.jpg,uncracked
1422,479.jpg,cracked
1423,48.jpg,uncracked
1424,480.jpg,cracked
1425,481.jpg,uncracked
1426,482.jpg,cracked
1427,483.jpg,uncracked
1428,484.jpg,cracked
1429,485.jpg,uncracked
1430,486.jpg,cracked
1431,487.jpg,uncracked
1432,488.jpg,cracked
1433,489.jpg,uncracked
1434,49.jpg,uncracked
1435,490.jpg,uncracked
1436,491.jpg,cracked
1437,492.jpg,uncracked
1438,493.jpg,cracked
1439,494.jpg,cracked
1440,495.jpg,uncracked
1441,496.jpg,cracked
1442,497.jpg,uncracked
1443,498.jpg,uncracked
1444,499.jpg,cracked
1445,5.jpg,uncracked
1446,50.jpg,cracked
1447,500.jpg,cracked
1448,501.jpg,uncracked
1449,502.jpg,cracked
1450,503.jpg,cracked
1451,504.jpg,uncracked
1452,505.jpg,cracked
1453,506.jpg,cracked
1454,507.jpg,cracked
1455,508.jpg,cracked
1456,509.jpg,uncracked
1457,51.jpg,cracked
1458,510.jpg,cracked
1459,511.jpg,uncracked
1460,512.jpg,cracked
1461,513.jpg,uncracked
1462,514.jpg,uncracked
1463,515.jpg,uncracked
1464,516.jpg,cracked
1465,517.jpg,uncracked
1466,518.jpg,uncracked
1467,519.jpg,cracked
1468,52.jpg,cracked
1469,520.jpg,uncracked
1470,521.jpg,cracked
1471,522.jpg,uncracked
1472,523.jpg,cracked
1473,524.jpg,uncracked
1474,525.jpg,uncracked
1475,526.jpg,uncracked
1476,527.jpg,uncracked
1477,528.jpg,cracked
1478,529.jpg,uncracked
1479,53.jpg,cracked
1480,530.jpg,uncracked
1481,531.jpg,uncracked
1482,532.jpg,cracked
1483,533.jpg,cracked
1484,534.jpg,uncracked
1485,535.jpg,uncracked
1486,536.jpg,uncracked
1487,537.jpg,uncracked
1488,538.jpg,uncracked
1489,539.jpg,cracked
1490,54.jpg,uncracked
1491,540.jpg,uncracked
1492,541.jpg,cracked
1493,542.jpg,uncracked
1494,543.jpg,cracked
1495,544.jpg,cracked
1496,545.jpg,uncracked
1497,546.jpg,cracked
1498,547.jpg,cracked
1499,548.jpg,uncracked
1500,549.jpg,uncracked
1501,55.jpg,cracked
1502,550.jpg,cracked
1503,551.jpg,uncracked
1504,552.jpg,uncracked
1505,553.jpg,cracked
1506,554.jpg,cracked
1507,555.jpg,cracked
1508,556.jpg,cracked
1509,557.jpg,uncracked
1510,558.jpg,cracked
1511,559.jpg,cracked
1512,56.jpg,uncracked
1513,560.jpg,uncracked
1514,561.jpg,uncracked
1515,562.jpg,uncracked
1516,563.jpg,cracked
1517,564.jpg,cracked
1518,565.jpg,uncracked
1519,566.jpg,cracked
1520,567.jpg,uncracked
1521,568.jpg,cracked
1522,569.jpg,cracked
1523,57.jpg,cracked
1524,570.jpg,uncracked
1525,571.jpg,uncracked
1526,572.jpg,uncracked
1527,573.jpg,uncracked
1528,574.jpg,cracked
1529,575.jpg,uncracked
1530,576.jpg,cracked
1531,577.jpg,uncracked
1532,578.jpg,cracked
1533,579.jpg,uncracked
1534,58.jpg,uncracked
1535,580.jpg,uncracked
1536,581.jpg,uncracked
1537,582.jpg,cracked
1538,583.jpg,cracked
1539,584.jpg,uncracked
1540,585.jpg,cracked
1541,586.jpg,uncracked
1542,587.jpg,uncracked
1543,588.jpg,uncracked
1544,589.jpg,uncracked
1545,59.jpg,cracked
1546,590.jpg,cracked
1547,591.jpg,cracked
1548,592.jpg,uncracked
1549,593.jpg,uncracked
1550,594.jpg,uncracked
1551,595.jpg,uncracked
1552,596.jpg,uncracked
1553,597.jpg,cracked
1554,598.jpg,cracked
1555,599.jpg,cracked
1556,6.jpg,uncracked
1557,60.jpg,uncracked
1558,600.jpg,cracked
1559,601.jpg,cracked
1560,602.jpg,cracked
1561,603.jpg,cracked
1562,604.jpg,cracked
1563,605.jpg,uncracked
1564,606.jpg,cracked
1565,607.jpg,uncracked
1566,608.jpg,uncracked
1567,609.jpg,cracked
1568,61.jpg,uncracked
1569,610.jpg,uncracked
1570,611.jpg,uncracked
1571,612.jpg,uncracked
1572,613.jpg,uncracked
1573,614.jpg,uncracked
1574,615.jpg,uncracked
1575,616.jpg,cracked
1576,617.jpg,cracked
1577,618.jpg,uncracked
1578,619.jpg,cracked
1579,62.jpg,uncracked
1580,620.jpg,cracked
1581,621.jpg,cracked
1582,622.jpg,cracked
1583,623.jpg,cracked
1584,624.jpg,uncracked
1585,625.jpg,cracked
1586,626.jpg,cracked
1587,627.jpg,cracked
1588,628.jpg,cracked
1589,629.jpg,cracked
1590,63.jpg,uncracked
1591,630.jpg,uncracked
1592,631.jpg,cracked
1593,632.jpg,cracked
1594,633.jpg,uncracked
1595,634.jpg,uncracked
1596,635.jpg,uncracked
1597,636.jpg,uncracked
1598,637.jpg,uncracked
1599,638.jpg,uncracked
1600,639.jpg,cracked
1601,64.jpg,cracked
1602,640.jpg,uncracked
1603,641.jpg,cracked
1604,642.jpg,uncracked
1605,643.jpg,uncracked
1606,644.jpg,uncracked
1607,645.jpg,uncracked
1608,646.jpg,uncracked
1609,647.jpg,uncracked
1610,648.jpg,cracked
1611,649.jpg,uncracked
1612,65.jpg,cracked
1613,650.jpg,uncracked
1614,651.jpg,cracked
1615,652.jpg,cracked
1616,653.jpg,cracked
1617,654.jpg,uncracked
1618,655.jpg,uncracked
1619,656.jpg,cracked
1620,657.jpg,uncracked
1621,658.jpg,cracked
1622,659.jpg,cracked
1623,66.jpg,uncracked
1624,660.jpg,uncracked
1625,661.jpg,uncracked
1626,662.jpg,cracked
1627,663.jpg,cracked
1628,664.jpg,cracked
1629,665.jpg,uncracked
1630,666.jpg,uncracked
1631,667.jpg,uncracked
1632,668.jpg,cracked
1633,669.jpg,cracked
1634,67.jpg,cracked
1635,670.jpg,cracked
1636,671.jpg,uncracked
1637,672.jpg,uncracked
1638,673.jpg,cracked
1639,674.jpg,cracked
1640,675.jpg,uncracked
1641,676.jpg,cracked
1642,677.jpg,uncracked
1643,678.jpg,cracked
1644,679.jpg,uncracked
1645,68.jpg,cracked
1646,680.jpg,uncracked
1647,681.jpg,uncracked
1648,682.jpg,cracked
1649,683.jpg,uncracked
1650,684.jpg,cracked
1651,685.jpg,uncracked
1652,686.jpg,cracked
1653,687.jpg,uncracked
1654,688.jpg,uncracked
1655,689.jpg,uncracked
1656,69.jpg,uncracked
1657,690.jpg,cracked
1658,691.jpg,cracked
1659,692.jpg,uncracked
1660,693.jpg,uncracked
1661,694.jpg,uncracked
1662,695.jpg,cracked
1663,696.jpg,uncracked
1664,697.jpg,uncracked
1665,698.jpg,cracked
1666,699.jpg,uncracked
1667,7.jpg,uncracked
1668,70.jpg,uncracked
1669,700.jpg,cracked
1670,701.jpg,cracked
1671,702.jpg,cracked
1672,703.jpg,uncracked
1673,704.jpg,cracked
1674,705.jpg,cracked
1675,706.jpg,uncracked
1676,707.jpg,cracked
1677,708.jpg,cracked
1678,709.jpg,cracked
1679,71.jpg,uncracked
1680,710.jpg,cracked
1681,711.jpg,uncracked
1682,712.jpg,uncracked
1683,713.jpg,uncracked
1684,714.jpg,uncracked
1685,715.jpg,uncracked
1686,716.jpg,cracked
1687,717.jpg,uncracked
1688,718.jpg,uncracked
1689,719.jpg,uncracked
1690,72.jpg,uncracked
1691,720.jpg,uncracked
1692,721.jpg,cracked
1693,722.jpg,cracked
1694,723.jpg,uncracked
1695,724.jpg,uncracked
1696,725.jpg,cracked
1697,726.jpg,cracked
1698,727.jpg,uncracked
1699,728.jpg,cracked
1700,729.jpg,uncracked
1701,73.jpg,uncracked
1702,730.jpg,uncracked
1703,731.jpg,cracked
1704,732.jpg,cracked
1705,733.jpg,uncracked
1706,734.jpg,uncracked
1707,735.jpg,uncracked
1708,736.jpg,cracked
1709,737.jpg,uncracked
1710,738.jpg,cracked
1711,739.jpg,cracked
1712,74.jpg,cracked
1713,740.jpg,cracked
1714,741.jpg,uncracked
1715,742.jpg,uncracked
1716,743.jpg,cracked
1717,744.jpg,cracked
1718,745.jpg,uncracked
1719,746.jpg,cracked
1720,747.jpg,uncracked
1721,748.jpg,uncracked
1722,749.jpg,cracked
1723,75.jpg,uncracked
1724,750.jpg,cracked
1725,751.jpg,uncracked
1726,752.jpg,cracked
1727,753.jpg,cracked
1728,754.jpg,uncracked
1729,755.jpg,uncracked
1730,756.jpg,uncracked
1731,757.jpg,cracked
1732,758.jpg,uncracked
1733,759.jpg,uncracked
1734,76.jpg,cracked
1735,760.jpg,uncracked
1736,761.jpg,cracked
1737,762.jpg,uncracked
1738,763.jpg,uncracked
1739,764.jpg,uncracked
1740,765.jpg,uncracked
1741,766.jpg,cracked
1742,767.jpg,cracked
1743,768.jpg,uncracked
1744,769.jpg,cracked
1745,77.jpg,cracked
1746,770.jpg,cracked
1747,771.jpg,cracked
1748,772.jpg,cracked
1749,773.jpg,uncracked
1750,774.jpg,cracked
1751,775.jpg,uncracked
1752,776.jpg,cracked
1753,777.jpg,cracked
1754,778.jpg,uncracked
1755,779.jpg,uncracked
1756,78.jpg,cracked
1757,780.jpg,cracked
1758,781.jpg,uncracked
1759,782.jpg,cracked
1760,783.jpg,cracked
1761,784.jpg,uncracked
1762,785.jpg,uncracked
1763,786.jpg,cracked
1764,787.jpg,cracked
1765,788.jpg,uncracked
1766,789.jpg,uncracked
1767,79.jpg,cracked
1768,790.jpg,cracked
1769,791.jpg,uncracked
1770,792.jpg,uncracked
1771,793.jpg,uncracked
1772,794.jpg,cracked
1773,795.jpg,uncracked
1774,796.jpg,uncracked
1775,797.jpg,uncracked
1776,798.jpg,uncracked
1777,799.jpg,cracked
1778,8.jpg,uncracked
1779,80.jpg,uncracked
1780,800.jpg,cracked
1781,801.jpg,uncracked
1782,802.jpg,uncracked
1783,803.jpg,uncracked
1784,804.jpg,uncracked
1785,805.jpg,cracked
1786,806.jpg,uncracked
1787,807.jpg,cracked
1788,808.jpg,uncracked
1789,809.jpg,uncracked
1790,81.jpg,uncracked
1791,810.jpg,uncracked
1792,811.jpg,uncracked
1793,812.jpg,cracked
1794,813.jpg,uncracked
1795,814.jpg,uncracked
1796,815.jpg,uncracked
1797,816.jpg,cracked
1798,817.jpg,cracked
1799,818.jpg,uncracked
1800,819.jpg,uncracked
1801,82.jpg,uncracked
1802,820.jpg,uncracked
1803,821.jpg,uncracked
1804,822.jpg,cracked
1805,823.jpg,cracked
1806,824.jpg,cracked
1807,825.jpg,uncracked
1808,826.jpg,uncracked
1809,827.jpg,cracked
1810,828.jpg,cracked
1811,829.jpg,uncracked
1812,83.jpg,cracked
1813,830.jpg,cracked
1814,831.jpg,cracked
1815,832.jpg,cracked
1816,833.jpg,cracked
1817,834.jpg,uncracked
1818,835.jpg,cracked
1819,836.jpg,uncracked
1820,837.jpg,uncracked
1821,838.jpg,uncracked
1822,839.jpg,cracked
1823,84.jpg,uncracked
1824,840.jpg,cracked
1825,841.jpg,cracked
1826,842.jpg,uncracked
1827,843.jpg,cracked
1828,844.jpg,uncracked
1829,845.jpg,cracked
1830,846.jpg,uncracked
1831,847.jpg,uncracked
1832,848.jpg,uncracked
1833,849.jpg,uncracked
1834,85.jpg,cracked
1835,850.jpg,uncracked
1836,851.jpg,uncracked
1837,852.jpg,uncracked
1838,853.jpg,uncracked
1839,854.jpg,uncracked
1840,855.jpg,uncracked
1841,856.jpg,uncracked
1842,857.jpg,uncracked
1843,858.jpg,cracked
1844,859.jpg,cracked
1845,86.jpg,uncracked
1846,860.jpg,uncracked
1847,861.jpg,uncracked
1848,862.jpg,cracked
1849,863.jpg,uncracked
1850,864.jpg,uncracked
1851,865.jpg,uncracked
1852,866.jpg,uncracked
1853,867.jpg,cracked
1854,868.jpg,uncracked
1855,869.jpg,cracked
1856,87.jpg,cracked
1857,870.jpg,cracked
1858,871.jpg,uncracked
1859,872.jpg,uncracked
1860,873.jpg,uncracked
1861,874.jpg,cracked
1862,875.jpg,uncracked
1863,876.jpg,uncracked
1864,877.jpg,uncracked
1865,878.jpg,cracked
1866,879.jpg,uncracked
1867,88.jpg,uncracked
1868,880.jpg,cracked
1869,881.jpg,cracked
1870,882.jpg,cracked
1871,883.jpg,cracked
1872,884.jpg,cracked
1873,885.jpg,cracked
1874,886.jpg,cracked
1875,887.jpg,cracked
1876,888.jpg,uncracked
1877,889.jpg,uncracked
1878,89.jpg,cracked
1879,890.jpg,uncracked
1880,891.jpg,cracked
1881,892.jpg,cracked
1882,893.jpg,uncracked
1883,894.jpg,uncracked
1884,895.jpg,uncracked
1885,896.jpg,cracked
1886,897.jpg,uncracked
1887,898.jpg,cracked
1888,899.jpg,cracked
1889,9.jpg,uncracked
1890,90.jpg,cracked
1891,900.jpg,uncracked
1892,901.jpg,uncracked
1893,902.jpg,uncracked
1894,903.jpg,cracked
1895,904.jpg,uncracked
1896,905.jpg,cracked
1897,906.jpg,cracked
1898,907.jpg,cracked
1899,908.jpg,cracked
1900,909.jpg,cracked
1901,91.jpg,uncracked
1902,910.jpg,cracked
1903,911.jpg,cracked
1904,912.jpg,uncracked
1905,913.jpg,cracked
1906,914.jpg,cracked
1907,915.jpg,uncracked
1908,916.jpg,cracked
1909,917.jpg,uncracked
1910,918.jpg,cracked
1911,919.jpg,cracked
1912,92.jpg,cracked
1913,920.jpg,uncracked
1914,921.jpg,cracked
1915,922.jpg,uncracked
1916,923.jpg,cracked
1917,924.jpg,cracked
1918,925.jpg,uncracked
1919,926.jpg,cracked
1920,927.jpg,uncracked
1921,928.jpg,cracked
1922,929.jpg,uncracked
1923,93.jpg,uncracked
1924,930.jpg,cracked
1925,931.jpg,uncracked
1926,932.jpg,uncracked
1927,933.jpg,uncracked
1928,934.jpg,cracked
1929,935.jpg,cracked
1930,936.jpg,cracked
1931,937.jpg,uncracked
1932,938.jpg,cracked
1933,939.jpg,uncracked
1934,94.jpg,cracked
1935,940.jpg,cracked
1936,941.jpg,cracked
1937,942.jpg,cracked
1938,943.jpg,cracked
1939,944.jpg,uncracked
1940,945.jpg,uncracked
1941,946.jpg,cracked
1942,947.jpg,uncracked
1943,948.jpg,uncracked
1944,949.jpg,uncracked
1945,95.jpg,cracked
1946,950.jpg,uncracked
1947,951.jpg,cracked
1948,952.jpg,cracked
1949,953.jpg,uncracked
1950,954.jpg,cracked
1951,955.jpg,uncracked
1952,956.jpg,uncracked
1953,957.jpg,uncracked
1954,958.jpg,uncracked
1955,959.jpg,cracked
1956,96.jpg,uncracked
1957,960.jpg,uncracked
1958,961.jpg,cracked
1959,962.jpg,uncracked
1960,963.jpg,cracked
1961,964.jpg,uncracked
1962,965.jpg,cracked
1963,966.jpg,cracked
1964,967.jpg,cracked
1965,968.jpg,uncracked
1966,969.jpg,cracked
1967,97.jpg,uncracked
1968,970.jpg,cracked
1969,971.jpg,uncracked
1970,972.jpg,cracked
1971,973.jpg,cracked
1972,974.jpg,cracked
1973,975.jpg,uncracked
1974,976.jpg,uncracked
1975,977.jpg,uncracked
1976,978.jpg,cracked
1977,979.jpg,cracked
1978,98.jpg,uncracked
1979,980.jpg,uncracked
1980,981.jpg,cracked
1981,982.jpg,cracked
1982,983.jpg,uncracked
1983,984.jpg,uncracked
1984,985.jpg,uncracked
1985,986.jpg,uncracked
1986,987.jpg,uncracked
1987,988.jpg,uncracked
1988,989.jpg,uncracked
1989,99.jpg,uncracked
1990,990.jpg,cracked
1991,991.jpg,uncracked
1992,992.jpg,uncracked
1993,993.jpg,cracked
1994,994.jpg,uncracked
1995,995.jpg,cracked
1996,996.jpg,uncracked
1997,997.jpg,uncracked
1998,998.jpg,cracked
1999,999.jpg,uncracked
