filename,class
1.jpg,cracked
2.jpg,cracked
3.jpg,cracked
4.jpg,cracked
5.jpg,cracked
6.jpg,cracked
7.jpg,cracked
8.jpg,cracked
9.jpg,cracked
10.jpg,cracked
11.jpg,uncracked
12.jpg,uncracked
13.jpg,uncracked
14.jpg,uncracked
15.jpg,uncracked
16.jpg,uncracked
17.jpg,uncracked
18.jpg,uncracked
19.jpg,uncracked
20.jpg,uncracked
21.jpg,cracked
22.jpg,cracked
23.jpg,cracked
24.jpg,cracked
25.jpg,cracked
26.jpg,cracked
27.jpg,cracked
28.jpg,cracked
29.jpg,cracked
30.jpg,cracked
31.jpg,uncracked
32.jpg,uncracked
33.jpg,uncracked
34.jpg,uncracked
35.jpg,uncracked
36.jpg,uncracked
37.jpg,uncracked
38.jpg,uncracked
39.jpg,uncracked
40.jpg,uncracked
41.jpg,cracked
42.jpg,cracked
43.jpg,cracked
44.jpg,cracked
45.jpg,cracked
46.jpg,cracked
47.jpg,cracked
48.jpg,cracked
49.jpg,cracked
50.jpg,cracked
51.jpg,uncracked
52.jpg,uncracked
53.jpg,uncracked
54.jpg,uncracked
55.jpg,uncracked
56.jpg,uncracked
57.jpg,uncracked
58.jpg,uncracked
59.jpg,uncracked
60.jpg,uncracked
61.jpg,cracked
62.jpg,cracked
63.jpg,cracked
64.jpg,cracked
65.jpg,cracked
66.jpg,cracked
67.jpg,cracked
68.jpg,cracked
69.jpg,cracked
70.jpg,cracked
71.jpg,uncracked
72.jpg,uncracked
73.jpg,uncracked
74.jpg,uncracked
75.jpg,uncracked
76.jpg,uncracked
77.jpg,uncracked
78.jpg,uncracked
79.jpg,uncracked
80.jpg,uncracked
81.jpg,cracked
82.jpg,cracked
83.jpg,cracked
84.jpg,cracked
85.jpg,cracked
86.jpg,cracked
87.jpg,cracked
88.jpg,cracked
89.jpg,cracked
90.jpg,cracked
91.jpg,uncracked
92.jpg,uncracked
93.jpg,uncracked
94.jpg,uncracked
95.jpg,uncracked
96.jpg,uncracked
97.jpg,uncracked
98.jpg,uncracked
99.jpg,uncracked
100.jpg,uncracked
101.jpg,cracked
102.jpg,cracked
103.jpg,cracked
104.jpg,cracked
105.jpg,cracked
106.jpg,cracked
107.jpg,cracked
108.jpg,cracked
109.jpg,cracked
110.jpg,cracked
111.jpg,uncracked
112.jpg,uncracked
113.jpg,uncracked
114.jpg,uncracked
115.jpg,uncracked
116.jpg,uncracked
117.jpg,uncracked
118.jpg,uncracked
119.jpg,uncracked
120.jpg,uncracked
121.jpg,cracked
122.jpg,cracked
123.jpg,cracked
124.jpg,cracked
125.jpg,cracked
126.jpg,cracked
127.jpg,cracked
128.jpg,cracked
129.jpg,cracked
130.jpg,cracked
131.jpg,uncracked
132.jpg,uncracked
133.jpg,uncracked
134.jpg,uncracked
135.jpg,uncracked
136.jpg,uncracked
137.jpg,uncracked
138.jpg,uncracked
139.jpg,uncracked
140.jpg,uncracked
141.jpg,cracked
142.jpg,cracked
143.jpg,cracked
144.jpg,cracked
145.jpg,cracked
146.jpg,cracked
147.jpg,cracked
148.jpg,cracked
149.jpg,cracked
150.jpg,cracked
151.jpg,uncracked
152.jpg,uncracked
153.jpg,uncracked
154.jpg,uncracked
155.jpg,uncracked
156.jpg,uncracked
157.jpg,uncracked
158.jpg,uncracked
159.jpg,uncracked
160.jpg,uncracked
161.jpg,cracked
162.jpg,cracked
163.jpg,cracked
164.jpg,cracked
165.jpg,cracked
166.jpg,cracked
167.jpg,cracked
168.jpg,cracked
169.jpg,cracked
170.jpg,cracked
171.jpg,uncracked
172.jpg,uncracked
173.jpg,uncracked
174.jpg,uncracked
175.jpg,uncracked
176.jpg,uncracked
177.jpg,uncracked
178.jpg,uncracked
179.jpg,uncracked
180.jpg,uncracked
181.jpg,cracked
182.jpg,cracked
183.jpg,cracked
184.jpg,cracked
185.jpg,cracked
186.jpg,cracked
187.jpg,cracked
188.jpg,cracked
189.jpg,cracked
190.jpg,cracked
191.jpg,uncracked
192.jpg,uncracked
193.jpg,uncracked
194.jpg,uncracked
195.jpg,uncracked
196.jpg,uncracked
197.jpg,uncracked
198.jpg,uncracked
199.jpg,uncracked
200.jpg,uncracked
201.jpg,cracked
202.jpg,cracked
203.jpg,cracked
204.jpg,cracked
205.jpg,cracked
206.jpg,cracked
207.jpg,cracked
208.jpg,cracked
209.jpg,cracked
210.jpg,cracked
211.jpg,uncracked
212.jpg,uncracked
213.jpg,uncracked
214.jpg,uncracked
215.jpg,uncracked
216.jpg,uncracked
217.jpg,uncracked
218.jpg,uncracked
219.jpg,uncracked
220.jpg,uncracked
221.jpg,cracked
222.jpg,cracked
223.jpg,cracked
224.jpg,cracked
225.jpg,cracked
226.jpg,cracked
227.jpg,cracked
228.jpg,cracked
229.jpg,cracked
230.jpg,cracked
231.jpg,uncracked
232.jpg,uncracked
233.jpg,uncracked
234.jpg,uncracked
235.jpg,uncracked
236.jpg,uncracked
237.jpg,uncracked
238.jpg,uncracked
239.jpg,uncracked
240.jpg,uncracked
241.jpg,cracked
242.jpg,cracked
243.jpg,cracked
244.jpg,cracked
245.jpg,cracked
246.jpg,cracked
247.jpg,cracked
248.jpg,cracked
249.jpg,cracked
250.jpg,cracked
251.jpg,uncracked
252.jpg,uncracked
253.jpg,uncracked
254.jpg,uncracked
255.jpg,uncracked
256.jpg,uncracked
257.jpg,uncracked
258.jpg,uncracked
259.jpg,uncracked
260.jpg,uncracked
261.jpg,cracked
262.jpg,cracked
263.jpg,cracked
264.jpg,cracked
265.jpg,cracked
266.jpg,cracked
267.jpg,cracked
268.jpg,cracked
269.jpg,cracked
270.jpg,cracked
271.jpg,uncracked
272.jpg,uncracked
273.jpg,uncracked
274.jpg,uncracked
275.jpg,uncracked
276.jpg,uncracked
277.jpg,uncracked
278.jpg,uncracked
279.jpg,uncracked
280.jpg,uncracked
281.jpg,cracked
282.jpg,cracked
283.jpg,cracked
284.jpg,cracked
285.jpg,cracked
286.jpg,cracked
287.jpg,cracked
288.jpg,cracked
289.jpg,cracked
290.jpg,cracked
291.jpg,uncracked
292.jpg,uncracked
293.jpg,uncracked
294.jpg,uncracked
295.jpg,uncracked
296.jpg,uncracked
297.jpg,uncracked
298.jpg,uncracked
299.jpg,uncracked
300.jpg,uncracked
301.jpg,cracked
302.jpg,cracked
303.jpg,cracked
304.jpg,cracked
305.jpg,cracked
306.jpg,cracked
307.jpg,cracked
308.jpg,cracked
309.jpg,cracked
310.jpg,cracked
311.jpg,uncracked
312.jpg,uncracked
313.jpg,uncracked
314.jpg,uncracked
315.jpg,uncracked
316.jpg,uncracked
317.jpg,uncracked
318.jpg,uncracked
319.jpg,uncracked
320.jpg,uncracked
321.jpg,cracked
322.jpg,cracked
323.jpg,cracked
324.jpg,cracked
325.jpg,cracked
326.jpg,cracked
327.jpg,cracked
328.jpg,cracked
329.jpg,cracked
330.jpg,cracked
331.jpg,uncracked
332.jpg,uncracked
333.jpg,uncracked
334.jpg,uncracked
335.jpg,uncracked
336.jpg,uncracked
337.jpg,uncracked
338.jpg,uncracked
339.jpg,uncracked
340.jpg,uncracked
341.jpg,cracked
342.jpg,cracked
343.jpg,cracked
344.jpg,cracked
345.jpg,cracked
346.jpg,cracked
347.jpg,cracked
348.jpg,cracked
349.jpg,cracked
350.jpg,cracked
351.jpg,uncracked
352.jpg,uncracked
353.jpg,uncracked
354.jpg,uncracked
355.jpg,uncracked
356.jpg,uncracked
357.jpg,uncracked
358.jpg,uncracked
359.jpg,uncracked
360.jpg,uncracked
361.jpg,cracked
362.jpg,cracked
363.jpg,cracked
364.jpg,cracked
365.jpg,cracked
366.jpg,cracked
367.jpg,cracked
368.jpg,cracked
369.jpg,cracked
370.jpg,cracked
371.jpg,uncracked
372.jpg,uncracked
373.jpg,uncracked
374.jpg,uncracked
375.jpg,uncracked
376.jpg,uncracked
377.jpg,uncracked
378.jpg,uncracked
379.jpg,uncracked
380.jpg,uncracked
381.jpg,cracked
382.jpg,cracked
383.jpg,cracked
384.jpg,cracked
385.jpg,cracked
386.jpg,cracked
387.jpg,cracked
388.jpg,cracked
389.jpg,cracked
390.jpg,cracked
391.jpg,uncracked
392.jpg,uncracked
393.jpg,uncracked
394.jpg,uncracked
395.jpg,uncracked
396.jpg,uncracked
397.jpg,uncracked
398.jpg,uncracked
399.jpg,uncracked
400.jpg,uncracked
401.jpg,cracked
402.jpg,cracked
403.jpg,cracked
404.jpg,cracked
405.jpg,cracked
406.jpg,cracked
407.jpg,cracked
408.jpg,cracked
409.jpg,cracked
410.jpg,cracked
411.jpg,uncracked
412.jpg,uncracked
413.jpg,uncracked
414.jpg,uncracked
415.jpg,uncracked
416.jpg,uncracked
417.jpg,uncracked
418.jpg,uncracked
419.jpg,uncracked
420.jpg,uncracked
421.jpg,cracked
422.jpg,cracked
423.jpg,cracked
424.jpg,cracked
425.jpg,cracked
426.jpg,cracked
427.jpg,cracked
428.jpg,cracked
429.jpg,cracked
430.jpg,cracked
431.jpg,uncracked
432.jpg,uncracked
433.jpg,uncracked
434.jpg,uncracked
435.jpg,uncracked
436.jpg,uncracked
437.jpg,uncracked
438.jpg,uncracked
439.jpg,uncracked
440.jpg,uncracked
441.jpg,cracked
442.jpg,cracked
443.jpg,cracked
444.jpg,cracked
445.jpg,cracked
446.jpg,cracked
447.jpg,cracked
448.jpg,cracked
449.jpg,cracked
450.jpg,cracked
451.jpg,uncracked
452.jpg,uncracked
453.jpg,uncracked
454.jpg,uncracked
455.jpg,uncracked
456.jpg,uncracked
457.jpg,uncracked
458.jpg,uncracked
459.jpg,uncracked
460.jpg,uncracked
461.jpg,cracked
462.jpg,cracked
463.jpg,cracked
464.jpg,cracked
465.jpg,cracked
466.jpg,cracked
467.jpg,cracked
468.jpg,cracked
469.jpg,cracked
470.jpg,cracked
471.jpg,uncracked
472.jpg,uncracked
473.jpg,uncracked
474.jpg,uncracked
475.jpg,uncracked
476.jpg,uncracked
477.jpg,uncracked
478.jpg,uncracked
479.jpg,uncracked
480.jpg,uncracked
481.jpg,cracked
482.jpg,cracked
483.jpg,cracked
484.jpg,cracked
485.jpg,cracked
486.jpg,cracked
487.jpg,cracked
488.jpg,cracked
489.jpg,cracked
490.jpg,cracked
491.jpg,uncracked
492.jpg,uncracked
493.jpg,uncracked
494.jpg,uncracked
495.jpg,uncracked
496.jpg,uncracked
497.jpg,uncracked
498.jpg,uncracked
499.jpg,uncracked
500.jpg,uncracked
501.jpg,cracked
502.jpg,cracked
503.jpg,cracked
504.jpg,cracked
505.jpg,cracked
506.jpg,cracked
507.jpg,cracked
508.jpg,cracked
509.jpg,cracked
510.jpg,cracked
511.jpg,uncracked
512.jpg,uncracked
513.jpg,uncracked
514.jpg,uncracked
515.jpg,uncracked
516.jpg,uncracked
517.jpg,uncracked
518.jpg,uncracked
519.jpg,uncracked
520.jpg,uncracked
521.jpg,cracked
522.jpg,cracked
523.jpg,cracked
524.jpg,cracked
525.jpg,cracked
526.jpg,cracked
527.jpg,cracked
528.jpg,cracked
529.jpg,cracked
530.jpg,cracked
531.jpg,uncracked
532.jpg,uncracked
533.jpg,uncracked
534.jpg,uncracked
535.jpg,uncracked
536.jpg,uncracked
537.jpg,uncracked
538.jpg,uncracked
539.jpg,uncracked
540.jpg,uncracked
541.jpg,cracked
542.jpg,cracked
543.jpg,cracked
544.jpg,cracked
545.jpg,cracked
546.jpg,cracked
547.jpg,cracked
548.jpg,cracked
549.jpg,cracked
550.jpg,cracked
551.jpg,uncracked
552.jpg,uncracked
553.jpg,uncracked
554.jpg,uncracked
555.jpg,uncracked
556.jpg,uncracked
557.jpg,uncracked
558.jpg,uncracked
559.jpg,uncracked
560.jpg,uncracked
561.jpg,cracked
562.jpg,cracked
563.jpg,cracked
564.jpg,cracked
565.jpg,cracked
566.jpg,cracked
567.jpg,cracked
568.jpg,cracked
569.jpg,cracked
570.jpg,cracked
571.jpg,uncracked
572.jpg,uncracked
573.jpg,uncracked
574.jpg,uncracked
575.jpg,uncracked
576.jpg,uncracked
577.jpg,uncracked
578.jpg,uncracked
579.jpg,uncracked
580.jpg,uncracked
581.jpg,cracked
582.jpg,cracked
583.jpg,cracked
584.jpg,cracked
585.jpg,cracked
586.jpg,cracked
587.jpg,cracked
588.jpg,cracked
589.jpg,cracked
590.jpg,cracked
591.jpg,uncracked
592.jpg,uncracked
593.jpg,uncracked
594.jpg,uncracked
595.jpg,uncracked
596.jpg,uncracked
597.jpg,uncracked
598.jpg,uncracked
599.jpg,uncracked
600.jpg,uncracked
601.jpg,cracked
602.jpg,cracked
603.jpg,cracked
604.jpg,cracked
605.jpg,cracked
606.jpg,cracked
607.jpg,cracked
608.jpg,cracked
609.jpg,cracked
610.jpg,cracked
611.jpg,uncracked
612.jpg,uncracked
613.jpg,uncracked
614.jpg,uncracked
615.jpg,uncracked
616.jpg,uncracked
617.jpg,uncracked
618.jpg,uncracked
619.jpg,uncracked
620.jpg,uncracked
621.jpg,cracked
622.jpg,cracked
623.jpg,cracked
624.jpg,cracked
625.jpg,cracked
626.jpg,cracked
627.jpg,cracked
628.jpg,cracked
629.jpg,cracked
630.jpg,cracked
631.jpg,uncracked
632.jpg,uncracked
633.jpg,uncracked
634.jpg,uncracked
635.jpg,uncracked
636.jpg,uncracked
637.jpg,uncracked
638.jpg,uncracked
639.jpg,uncracked
640.jpg,uncracked
641.jpg,cracked
642.jpg,cracked
643.jpg,cracked
644.jpg,cracked
645.jpg,cracked
646.jpg,cracked
647.jpg,cracked
648.jpg,cracked
649.jpg,cracked
650.jpg,cracked
651.jpg,uncracked
652.jpg,uncracked
653.jpg,uncracked
654.jpg,uncracked
655.jpg,uncracked
656.jpg,uncracked
657.jpg,uncracked
658.jpg,uncracked
659.jpg,uncracked
660.jpg,uncracked
661.jpg,cracked
662.jpg,cracked
663.jpg,cracked
664.jpg,cracked
665.jpg,cracked
666.jpg,cracked
667.jpg,cracked
668.jpg,cracked
669.jpg,cracked
670.jpg,cracked
671.jpg,uncracked
672.jpg,uncracked
673.jpg,uncracked
674.jpg,uncracked
675.jpg,uncracked
676.jpg,uncracked
677.jpg,uncracked
678.jpg,uncracked
679.jpg,uncracked
680.jpg,uncracked
681.jpg,cracked
682.jpg,cracked
683.jpg,cracked
684.jpg,cracked
685.jpg,cracked
686.jpg,cracked
687.jpg,cracked
688.jpg,cracked
689.jpg,cracked
690.jpg,cracked
691.jpg,uncracked
692.jpg,uncracked
693.jpg,uncracked
694.jpg,uncracked
695.jpg,uncracked
696.jpg,uncracked
697.jpg,uncracked
698.jpg,uncracked
699.jpg,uncracked
700.jpg,uncracked
701.jpg,cracked
702.jpg,cracked
703.jpg,cracked
704.jpg,cracked
705.jpg,cracked
706.jpg,cracked
707.jpg,cracked
708.jpg,cracked
709.jpg,cracked
710.jpg,cracked
711.jpg,uncracked
712.jpg,uncracked
713.jpg,uncracked
714.jpg,uncracked
715.jpg,uncracked
716.jpg,uncracked
717.jpg,uncracked
718.jpg,uncracked
719.jpg,uncracked
720.jpg,uncracked
721.jpg,cracked
722.jpg,cracked
723.jpg,cracked
724.jpg,cracked
725.jpg,cracked
726.jpg,cracked
727.jpg,cracked
728.jpg,cracked
729.jpg,cracked
730.jpg,cracked
731.jpg,uncracked
732.jpg,uncracked
733.jpg,uncracked
734.jpg,uncracked
735.jpg,uncracked
736.jpg,uncracked
737.jpg,uncracked
738.jpg,uncracked
739.jpg,uncracked
740.jpg,uncracked
741.jpg,cracked
742.jpg,cracked
743.jpg,cracked
744.jpg,cracked
745.jpg,cracked
746.jpg,cracked
747.jpg,cracked
748.jpg,cracked
749.jpg,cracked
750.jpg,cracked
751.jpg,uncracked
752.jpg,uncracked
753.jpg,uncracked
754.jpg,uncracked
755.jpg,uncracked
756.jpg,uncracked
757.jpg,uncracked
758.jpg,uncracked
759.jpg,uncracked
760.jpg,uncracked
761.jpg,cracked
762.jpg,cracked
763.jpg,cracked
764.jpg,cracked
765.jpg,cracked
766.jpg,cracked
767.jpg,cracked
768.jpg,cracked
769.jpg,cracked
770.jpg,cracked
771.jpg,uncracked
772.jpg,uncracked
773.jpg,uncracked
774.jpg,uncracked
775.jpg,uncracked
776.jpg,uncracked
777.jpg,uncracked
778.jpg,uncracked
779.jpg,uncracked
780.jpg,uncracked
781.jpg,cracked
782.jpg,cracked
783.jpg,cracked
784.jpg,cracked
785.jpg,cracked
786.jpg,cracked
787.jpg,cracked
788.jpg,cracked
789.jpg,cracked
790.jpg,cracked
791.jpg,uncracked
792.jpg,uncracked
793.jpg,uncracked
794.jpg,uncracked
795.jpg,uncracked
796.jpg,uncracked
797.jpg,uncracked
798.jpg,uncracked
799.jpg,uncracked
800.jpg,uncracked
801.jpg,cracked
802.jpg,cracked
803.jpg,cracked
804.jpg,cracked
805.jpg,cracked
806.jpg,cracked
807.jpg,cracked
808.jpg,cracked
809.jpg,cracked
810.jpg,cracked
811.jpg,uncracked
812.jpg,uncracked
813.jpg,uncracked
814.jpg,uncracked
815.jpg,uncracked
816.jpg,uncracked
817.jpg,uncracked
818.jpg,uncracked
819.jpg,uncracked
820.jpg,uncracked
821.jpg,cracked
822.jpg,cracked
823.jpg,cracked
824.jpg,cracked
825.jpg,cracked
826.jpg,cracked
827.jpg,cracked
828.jpg,cracked
829.jpg,cracked
830.jpg,cracked
831.jpg,uncracked
832.jpg,uncracked
833.jpg,uncracked
834.jpg,uncracked
835.jpg,uncracked
836.jpg,uncracked
837.jpg,uncracked
838.jpg,uncracked
839.jpg,uncracked
840.jpg,uncracked
841.jpg,cracked
842.jpg,cracked
843.jpg,cracked
844.jpg,cracked
845.jpg,cracked
846.jpg,cracked
847.jpg,cracked
848.jpg,cracked
849.jpg,cracked
850.jpg,cracked
851.jpg,uncracked
852.jpg,uncracked
853.jpg,uncracked
854.jpg,uncracked
855.jpg,uncracked
856.jpg,uncracked
857.jpg,uncracked
858.jpg,uncracked
859.jpg,uncracked
860.jpg,uncracked
861.jpg,cracked
862.jpg,cracked
863.jpg,cracked
864.jpg,cracked
865.jpg,cracked
866.jpg,cracked
867.jpg,cracked
868.jpg,cracked
869.jpg,cracked
870.jpg,cracked
871.jpg,uncracked
872.jpg,uncracked
873.jpg,uncracked
874.jpg,uncracked
875.jpg,uncracked
876.jpg,uncracked
877.jpg,uncracked
878.jpg,uncracked
879.jpg,uncracked
880.jpg,uncracked
881.jpg,cracked
882.jpg,cracked
883.jpg,cracked
884.jpg,cracked
885.jpg,cracked
886.jpg,cracked
887.jpg,cracked
888.jpg,cracked
889.jpg,cracked
890.jpg,cracked
891.jpg,uncracked
892.jpg,uncracked
893.jpg,uncracked
894.jpg,uncracked
895.jpg,uncracked
896.jpg,uncracked
897.jpg,uncracked
898.jpg,uncracked
899.jpg,uncracked
900.jpg,uncracked
901.jpg,cracked
902.jpg,cracked
903.jpg,cracked
904.jpg,cracked
905.jpg,cracked
906.jpg,cracked
907.jpg,cracked
908.jpg,cracked
909.jpg,cracked
910.jpg,cracked
911.jpg,uncracked
912.jpg,uncracked
913.jpg,uncracked
914.jpg,uncracked
915.jpg,uncracked
916.jpg,uncracked
917.jpg,uncracked
918.jpg,uncracked
919.jpg,uncracked
920.jpg,uncracked
921.jpg,cracked
922.jpg,cracked
923.jpg,cracked
924.jpg,cracked
925.jpg,cracked
926.jpg,cracked
927.jpg,cracked
928.jpg,cracked
929.jpg,cracked
930.jpg,cracked
931.jpg,uncracked
932.jpg,uncracked
933.jpg,uncracked
934.jpg,uncracked
935.jpg,uncracked
936.jpg,uncracked
937.jpg,uncracked
938.jpg,uncracked
939.jpg,uncracked
940.jpg,uncracked
941.jpg,cracked
942.jpg,cracked
943.jpg,cracked
944.jpg,cracked
945.jpg,cracked
946.jpg,cracked
947.jpg,cracked
948.jpg,cracked
949.jpg,cracked
950.jpg,cracked
951.jpg,uncracked
952.jpg,uncracked
953.jpg,uncracked
954.jpg,uncracked
955.jpg,uncracked
956.jpg,uncracked
957.jpg,uncracked
958.jpg,uncracked
959.jpg,uncracked
960.jpg,uncracked
961.jpg,cracked
962.jpg,cracked
963.jpg,cracked
964.jpg,cracked
965.jpg,cracked
966.jpg,cracked
967.jpg,cracked
968.jpg,cracked
969.jpg,cracked
970.jpg,cracked
971.jpg,uncracked
972.jpg,uncracked
973.jpg,uncracked
974.jpg,uncracked
975.jpg,uncracked
976.jpg,uncracked
977.jpg,uncracked
978.jpg,uncracked
979.jpg,uncracked
980.jpg,uncracked
981.jpg,cracked
982.jpg,cracked
983.jpg,cracked
984.jpg,cracked
985.jpg,cracked
986.jpg,cracked
987.jpg,cracked
988.jpg,cracked
989.jpg,cracked
990.jpg,cracked
991.jpg,uncracked
992.jpg,uncracked
993.jpg,uncracked
994.jpg,uncracked
995.jpg,uncracked
996.jpg,uncracked
997.jpg,uncracked
998.jpg,uncracked
999.jpg,uncracked
1000.jpg,uncracked
1001.jpg,cracked
1002.jpg,cracked
1003.jpg,cracked
1004.jpg,cracked
1005.jpg,cracked
1006.jpg,cracked
1007.jpg,cracked
1008.jpg,cracked
1009.jpg,cracked
1010.jpg,cracked
1011.jpg,uncracked
1012.jpg,uncracked
1013.jpg,uncracked
1014.jpg,uncracked
1015.jpg,uncracked
1016.jpg,uncracked
1017.jpg,uncracked
1018.jpg,uncracked
1019.jpg,uncracked
1020.jpg,uncracked
1021.jpg,cracked
1022.jpg,cracked
1023.jpg,cracked
1024.jpg,cracked
1025.jpg,cracked
1026.jpg,cracked
1027.jpg,cracked
1028.jpg,cracked
1029.jpg,cracked
1030.jpg,cracked
1031.jpg,uncracked
1032.jpg,uncracked
1033.jpg,uncracked
1034.jpg,uncracked
1035.jpg,uncracked
1036.jpg,uncracked
1037.jpg,uncracked
1038.jpg,uncracked
1039.jpg,uncracked
1040.jpg,uncracked
1041.jpg,cracked
1042.jpg,cracked
1043.jpg,cracked
1044.jpg,cracked
1045.jpg,cracked
1046.jpg,cracked
1047.jpg,cracked
1048.jpg,cracked
1049.jpg,cracked
1050.jpg,cracked
1051.jpg,uncracked
1052.jpg,uncracked
1053.jpg,uncracked
1054.jpg,uncracked
1055.jpg,uncracked
1056.jpg,uncracked
1057.jpg,uncracked
1058.jpg,uncracked
1059.jpg,uncracked
1060.jpg,uncracked
1061.jpg,cracked
1062.jpg,cracked
1063.jpg,cracked
1064.jpg,cracked
1065.jpg,cracked
1066.jpg,cracked
1067.jpg,cracked
1068.jpg,cracked
1069.jpg,cracked
1070.jpg,cracked
1071.jpg,uncracked
1072.jpg,uncracked
1073.jpg,uncracked
1074.jpg,uncracked
1075.jpg,uncracked
1076.jpg,uncracked
1077.jpg,uncracked
1078.jpg,uncracked
1079.jpg,uncracked
1080.jpg,uncracked
1081.jpg,cracked
1082.jpg,cracked
1083.jpg,cracked
1084.jpg,cracked
1085.jpg,cracked
1086.jpg,cracked
1087.jpg,cracked
1088.jpg,cracked
1089.jpg,cracked
1090.jpg,cracked
1091.jpg,uncracked
1092.jpg,uncracked
1093.jpg,uncracked
1094.jpg,uncracked
1095.jpg,uncracked
1096.jpg,uncracked
1097.jpg,uncracked
1098.jpg,uncracked
1099.jpg,uncracked
1100.jpg,uncracked
1101.jpg,cracked
1102.jpg,cracked
1103.jpg,cracked
1104.jpg,cracked
1105.jpg,cracked
1106.jpg,cracked
1107.jpg,cracked
1108.jpg,cracked
1109.jpg,cracked
1110.jpg,cracked
1111.jpg,uncracked
1112.jpg,uncracked
1113.jpg,uncracked
1114.jpg,uncracked
1115.jpg,uncracked
1116.jpg,uncracked
1117.jpg,uncracked
1118.jpg,uncracked
1119.jpg,uncracked
1120.jpg,uncracked
1121.jpg,cracked
1122.jpg,cracked
1123.jpg,cracked
1124.jpg,cracked
1125.jpg,cracked
1126.jpg,cracked
1127.jpg,cracked
1128.jpg,cracked
1129.jpg,cracked
1130.jpg,cracked
1131.jpg,uncracked
1132.jpg,uncracked
1133.jpg,uncracked
1134.jpg,uncracked
1135.jpg,uncracked
1136.jpg,uncracked
1137.jpg,uncracked
1138.jpg,uncracked
1139.jpg,uncracked
1140.jpg,uncracked
1141.jpg,cracked
1142.jpg,cracked
1143.jpg,cracked
1144.jpg,cracked
1145.jpg,cracked
1146.jpg,cracked
1147.jpg,cracked
1148.jpg,cracked
1149.jpg,cracked
1150.jpg,cracked
1151.jpg,uncracked
1152.jpg,uncracked
1153.jpg,uncracked
1154.jpg,uncracked
1155.jpg,uncracked
1156.jpg,uncracked
1157.jpg,uncracked
1158.jpg,uncracked
1159.jpg,uncracked
1160.jpg,uncracked
1161.jpg,cracked
1162.jpg,cracked
1163.jpg,cracked
1164.jpg,cracked
1165.jpg,cracked
1166.jpg,cracked
1167.jpg,cracked
1168.jpg,cracked
1169.jpg,cracked
1170.jpg,cracked
1171.jpg,uncracked
1172.jpg,uncracked
1173.jpg,uncracked
1174.jpg,uncracked
1175.jpg,uncracked
1176.jpg,uncracked
1177.jpg,uncracked
1178.jpg,uncracked
1179.jpg,uncracked
1180.jpg,uncracked
1181.jpg,cracked
1182.jpg,cracked
1183.jpg,cracked
1184.jpg,cracked
1185.jpg,cracked
1186.jpg,cracked
1187.jpg,cracked
1188.jpg,cracked
1189.jpg,cracked
1190.jpg,cracked
1191.jpg,uncracked
1192.jpg,uncracked
1193.jpg,uncracked
1194.jpg,uncracked
1195.jpg,uncracked
1196.jpg,uncracked
1197.jpg,uncracked
1198.jpg,uncracked
1199.jpg,uncracked
1200.jpg,uncracked
1201.jpg,cracked
1202.jpg,cracked
1203.jpg,cracked
1204.jpg,cracked
1205.jpg,cracked
1206.jpg,cracked
1207.jpg,cracked
1208.jpg,cracked
1209.jpg,cracked
1210.jpg,cracked
1211.jpg,uncracked
1212.jpg,uncracked
1213.jpg,uncracked
1214.jpg,uncracked
1215.jpg,uncracked
1216.jpg,uncracked
1217.jpg,uncracked
1218.jpg,uncracked
1219.jpg,uncracked
1220.jpg,uncracked
1221.jpg,cracked
1222.jpg,cracked
1223.jpg,cracked
1224.jpg,cracked
1225.jpg,cracked
1226.jpg,cracked
1227.jpg,cracked
1228.jpg,cracked
1229.jpg,cracked
1230.jpg,cracked
1231.jpg,uncracked
1232.jpg,uncracked
1233.jpg,uncracked
1234.jpg,uncracked
1235.jpg,uncracked
1236.jpg,uncracked
1237.jpg,uncracked
1238.jpg,uncracked
1239.jpg,uncracked
1240.jpg,uncracked
1241.jpg,cracked
1242.jpg,cracked
1243.jpg,cracked
1244.jpg,cracked
1245.jpg,cracked
1246.jpg,cracked
1247.jpg,cracked
1248.jpg,cracked
1249.jpg,cracked
1250.jpg,cracked
1251.jpg,uncracked
1252.jpg,uncracked
1253.jpg,uncracked
1254.jpg,uncracked
1255.jpg,uncracked
1256.jpg,uncracked
1257.jpg,uncracked
1258.jpg,uncracked
1259.jpg,uncracked
1260.jpg,uncracked
1261.jpg,cracked
1262.jpg,cracked
1263.jpg,cracked
1264.jpg,cracked
1265.jpg,cracked
1266.jpg,cracked
1267.jpg,cracked
1268.jpg,cracked
1269.jpg,cracked
1270.jpg,cracked
1271.jpg,uncracked
1272.jpg,uncracked
1273.jpg,uncracked
1274.jpg,uncracked
1275.jpg,uncracked
1276.jpg,uncracked
1277.jpg,uncracked
1278.jpg,uncracked
1279.jpg,uncracked
1280.jpg,uncracked
1281.jpg,cracked
1282.jpg,cracked
1283.jpg,cracked
1284.jpg,cracked
1285.jpg,cracked
1286.jpg,cracked
1287.jpg,cracked
1288.jpg,cracked
1289.jpg,cracked
1290.jpg,cracked
1291.jpg,uncracked
1292.jpg,uncracked
1293.jpg,uncracked
1294.jpg,uncracked
1295.jpg,uncracked
1296.jpg,uncracked
1297.jpg,uncracked
1298.jpg,uncracked
1299.jpg,uncracked
1300.jpg,uncracked
1301.jpg,cracked
1302.jpg,cracked
1303.jpg,cracked
1304.jpg,cracked
1305.jpg,cracked
1306.jpg,cracked
1307.jpg,cracked
1308.jpg,cracked
1309.jpg,cracked
1310.jpg,cracked
1311.jpg,uncracked
1312.jpg,uncracked
1313.jpg,uncracked
1314.jpg,uncracked
1315.jpg,uncracked
1316.jpg,uncracked
1317.jpg,uncracked
1318.jpg,uncracked
1319.jpg,uncracked
1320.jpg,uncracked
1321.jpg,cracked
1322.jpg,cracked
1323.jpg,cracked
1324.jpg,cracked
1325.jpg,cracked
1326.jpg,cracked
1327.jpg,cracked
1328.jpg,cracked
1329.jpg,cracked
1330.jpg,cracked
1331.jpg,uncracked
1332.jpg,uncracked
1333.jpg,uncracked
1334.jpg,uncracked
1335.jpg,uncracked
1336.jpg,uncracked
1337.jpg,uncracked
1338.jpg,uncracked
1339.jpg,uncracked
1340.jpg,uncracked
1341.jpg,cracked
1342.jpg,cracked
1343.jpg,cracked
1344.jpg,cracked
1345.jpg,cracked
1346.jpg,cracked
1347.jpg,cracked
1348.jpg,cracked
1349.jpg,cracked
1350.jpg,cracked
1351.jpg,uncracked
1352.jpg,uncracked
1353.jpg,uncracked
1354.jpg,uncracked
1355.jpg,uncracked
1356.jpg,uncracked
1357.jpg,uncracked
1358.jpg,uncracked
1359.jpg,uncracked
1360.jpg,uncracked
1361.jpg,cracked
1362.jpg,cracked
1363.jpg,cracked
1364.jpg,cracked
1365.jpg,cracked
1366.jpg,cracked
1367.jpg,cracked
1368.jpg,cracked
1369.jpg,cracked
1370.jpg,cracked
1371.jpg,uncracked
1372.jpg,uncracked
1373.jpg,uncracked
1374.jpg,uncracked
1375.jpg,uncracked
1376.jpg,uncracked
1377.jpg,uncracked
1378.jpg,uncracked
1379.jpg,uncracked
1380.jpg,uncracked
1381.jpg,cracked
1382.jpg,cracked
1383.jpg,cracked
1384.jpg,cracked
1385.jpg,cracked
1386.jpg,cracked
1387.jpg,cracked
1388.jpg,cracked
1389.jpg,cracked
1390.jpg,cracked
1391.jpg,uncracked
1392.jpg,uncracked
1393.jpg,uncracked
1394.jpg,uncracked
1395.jpg,uncracked
1396.jpg,uncracked
1397.jpg,uncracked
1398.jpg,uncracked
1399.jpg,uncracked
1400.jpg,uncracked
1401.jpg,cracked
1402.jpg,cracked
1403.jpg,cracked
1404.jpg,cracked
1405.jpg,cracked
1406.jpg,cracked
1407.jpg,cracked
1408.jpg,cracked
1409.jpg,cracked
1410.jpg,cracked
1411.jpg,uncracked
1412.jpg,uncracked
1413.jpg,uncracked
1414.jpg,uncracked
1415.jpg,uncracked
1416.jpg,uncracked
1417.jpg,uncracked
1418.jpg,uncracked
1419.jpg,uncracked
1420.jpg,uncracked
1421.jpg,cracked
1422.jpg,cracked
1423.jpg,cracked
1424.jpg,cracked
1425.jpg,cracked
1426.jpg,cracked
1427.jpg,cracked
1428.jpg,cracked
1429.jpg,cracked
1430.jpg,cracked
1431.jpg,uncracked
1432.jpg,uncracked
1433.jpg,uncracked
1434.jpg,uncracked
1435.jpg,uncracked
1436.jpg,uncracked
1437.jpg,uncracked
1438.jpg,uncracked
1439.jpg,uncracked
1440.jpg,uncracked
1441.jpg,cracked
1442.jpg,cracked
1443.jpg,cracked
1444.jpg,cracked
1445.jpg,cracked
1446.jpg,cracked
1447.jpg,cracked
1448.jpg,cracked
1449.jpg,cracked
1450.jpg,cracked
1451.jpg,uncracked
1452.jpg,uncracked
1453.jpg,uncracked
1454.jpg,uncracked
1455.jpg,uncracked
1456.jpg,uncracked
1457.jpg,uncracked
1458.jpg,uncracked
1459.jpg,uncracked
1460.jpg,uncracked
1461.jpg,cracked
1462.jpg,cracked
1463.jpg,cracked
1464.jpg,cracked
1465.jpg,cracked
1466.jpg,cracked
1467.jpg,cracked
1468.jpg,cracked
1469.jpg,cracked
1470.jpg,cracked
1471.jpg,uncracked
1472.jpg,uncracked
1473.jpg,uncracked
1474.jpg,uncracked
1475.jpg,uncracked
1476.jpg,uncracked
1477.jpg,uncracked
1478.jpg,uncracked
1479.jpg,uncracked
1480.jpg,uncracked
1481.jpg,cracked
1482.jpg,cracked
1483.jpg,cracked
1484.jpg,cracked
1485.jpg,cracked
1486.jpg,cracked
1487.jpg,cracked
1488.jpg,cracked
1489.jpg,cracked
1490.jpg,cracked
1491.jpg,uncracked
1492.jpg,uncracked
1493.jpg,uncracked
1494.jpg,uncracked
1495.jpg,uncracked
1496.jpg,uncracked
1497.jpg,uncracked
1498.jpg,uncracked
1499.jpg,uncracked
1500.jpg,uncracked
1501.jpg,cracked
1502.jpg,cracked
1503.jpg,cracked
1504.jpg,cracked
1505.jpg,cracked
1506.jpg,cracked
1507.jpg,cracked
1508.jpg,cracked
1509.jpg,cracked
1510.jpg,cracked
1511.jpg,uncracked
1512.jpg,uncracked
1513.jpg,uncracked
1514.jpg,uncracked
1515.jpg,uncracked
1516.jpg,uncracked
1517.jpg,uncracked
1518.jpg,uncracked
1519.jpg,uncracked
1520.jpg,uncracked
1521.jpg,cracked
1522.jpg,cracked
1523.jpg,cracked
1524.jpg,cracked
1525.jpg,cracked
1526.jpg,cracked
1527.jpg,cracked
1528.jpg,cracked
1529.jpg,cracked
1530.jpg,cracked
1531.jpg,uncracked
1532.jpg,uncracked
1533.jpg,uncracked
1534.jpg,uncracked
1535.jpg,uncracked
1536.jpg,uncracked
1537.jpg,uncracked
1538.jpg,uncracked
1539.jpg,uncracked
1540.jpg,uncracked
1541.jpg,cracked
1542.jpg,cracked
1543.jpg,cracked
1544.jpg,cracked
1545.jpg,cracked
1546.jpg,cracked
1547.jpg,cracked
1548.jpg,cracked
1549.jpg,cracked
1550.jpg,cracked
1551.jpg,uncracked
1552.jpg,uncracked
1553.jpg,uncracked
1554.jpg,uncracked
1555.jpg,uncracked
1556.jpg,uncracked
1557.jpg,uncracked
1558.jpg,uncracked
1559.jpg,uncracked
1560.jpg,uncracked
1561.jpg,cracked
1562.jpg,cracked
1563.jpg,cracked
1564.jpg,cracked
1565.jpg,cracked
1566.jpg,cracked
1567.jpg,cracked
1568.jpg,cracked
1569.jpg,cracked
1570.jpg,cracked
1571.jpg,uncracked
1572.jpg,uncracked
1573.jpg,uncracked
1574.jpg,uncracked
1575.jpg,uncracked
1576.jpg,uncracked
1577.jpg,uncracked
1578.jpg,uncracked
1579.jpg,uncracked
1580.jpg,uncracked
1581.jpg,cracked
1582.jpg,cracked
1583.jpg,cracked
1584.jpg,cracked
1585.jpg,cracked
1586.jpg,cracked
1587.jpg,cracked
1588.jpg,cracked
1589.jpg,cracked
1590.jpg,cracked
1591.jpg,uncracked
1592.jpg,uncracked
1593.jpg,uncracked
1594.jpg,uncracked
1595.jpg,uncracked
1596.jpg,uncracked
1597.jpg,uncracked
1598.jpg,uncracked
1599.jpg,uncracked
1600.jpg,uncracked
1601.jpg,cracked
1602.jpg,cracked
1603.jpg,cracked
1604.jpg,cracked
1605.jpg,cracked
1606.jpg,cracked
1607.jpg,cracked
1608.jpg,cracked
1609.jpg,cracked
1610.jpg,cracked
1611.jpg,uncracked
1612.jpg,uncracked
1613.jpg,uncracked
1614.jpg,uncracked
1615.jpg,uncracked
1616.jpg,uncracked
1617.jpg,uncracked
1618.jpg,uncracked
1619.jpg,uncracked
1620.jpg,uncracked
1621.jpg,cracked
1622.jpg,cracked
1623.jpg,cracked
1624.jpg,cracked
1625.jpg,cracked
1626.jpg,cracked
1627.jpg,cracked
1628.jpg,cracked
1629.jpg,cracked
1630.jpg,cracked
1631.jpg,uncracked
1632.jpg,uncracked
1633.jpg,uncracked
1634.jpg,uncracked
1635.jpg,uncracked
1636.jpg,uncracked
1637.jpg,uncracked
1638.jpg,uncracked
1639.jpg,uncracked
1640.jpg,uncracked
1641.jpg,cracked
1642.jpg,cracked
1643.jpg,cracked
1644.jpg,cracked
1645.jpg,cracked
1646.jpg,cracked
1647.jpg,cracked
1648.jpg,cracked
1649.jpg,cracked
1650.jpg,cracked
1651.jpg,uncracked
1652.jpg,uncracked
1653.jpg,uncracked
1654.jpg,uncracked
1655.jpg,uncracked
1656.jpg,uncracked
1657.jpg,uncracked
1658.jpg,uncracked
1659.jpg,uncracked
1660.jpg,uncracked
1661.jpg,cracked
1662.jpg,cracked
1663.jpg,cracked
1664.jpg,cracked
1665.jpg,cracked
1666.jpg,cracked
1667.jpg,cracked
1668.jpg,cracked
1669.jpg,cracked
1670.jpg,cracked
1671.jpg,uncracked
1672.jpg,uncracked
1673.jpg,uncracked
1674.jpg,uncracked
1675.jpg,uncracked
1676.jpg,uncracked
1677.jpg,uncracked
1678.jpg,uncracked
1679.jpg,uncracked
1680.jpg,uncracked
1681.jpg,cracked
1682.jpg,cracked
1683.jpg,cracked
1684.jpg,cracked
1685.jpg,cracked
1686.jpg,cracked
1687.jpg,cracked
1688.jpg,cracked
1689.jpg,cracked
1690.jpg,cracked
1691.jpg,uncracked
1692.jpg,uncracked
1693.jpg,uncracked
1694.jpg,uncracked
1695.jpg,uncracked
1696.jpg,uncracked
1697.jpg,uncracked
1698.jpg,uncracked
1699.jpg,uncracked
1700.jpg,uncracked
1701.jpg,cracked
1702.jpg,cracked
1703.jpg,cracked
1704.jpg,cracked
1705.jpg,cracked
1706.jpg,cracked
1707.jpg,cracked
1708.jpg,cracked
1709.jpg,cracked
1710.jpg,cracked
1711.jpg,uncracked
1712.jpg,uncracked
1713.jpg,uncracked
1714.jpg,uncracked
1715.jpg,uncracked
1716.jpg,uncracked
1717.jpg,uncracked
1718.jpg,uncracked
1719.jpg,uncracked
1720.jpg,uncracked
1721.jpg,cracked
1722.jpg,cracked
1723.jpg,cracked
1724.jpg,cracked
1725.jpg,cracked
1726.jpg,cracked
1727.jpg,cracked
1728.jpg,cracked
1729.jpg,cracked
1730.jpg,cracked
1731.jpg,uncracked
1732.jpg,uncracked
1733.jpg,uncracked
1734.jpg,uncracked
1735.jpg,uncracked
1736.jpg,uncracked
1737.jpg,uncracked
1738.jpg,uncracked
1739.jpg,uncracked
1740.jpg,uncracked
1741.jpg,cracked
1742.jpg,cracked
1743.jpg,cracked
1744.jpg,cracked
1745.jpg,cracked
1746.jpg,cracked
1747.jpg,cracked
1748.jpg,cracked
1749.jpg,cracked
1750.jpg,cracked
1751.jpg,uncracked
1752.jpg,uncracked
1753.jpg,uncracked
1754.jpg,uncracked
1755.jpg,uncracked
1756.jpg,uncracked
1757.jpg,uncracked
1758.jpg,uncracked
1759.jpg,uncracked
1760.jpg,uncracked
1761.jpg,cracked
1762.jpg,cracked
1763.jpg,cracked
1764.jpg,cracked
1765.jpg,cracked
1766.jpg,cracked
1767.jpg,cracked
1768.jpg,cracked
1769.jpg,cracked
1770.jpg,cracked
1771.jpg,uncracked
1772.jpg,uncracked
1773.jpg,uncracked
1774.jpg,uncracked
1775.jpg,uncracked
1776.jpg,uncracked
1777.jpg,uncracked
1778.jpg,uncracked
1779.jpg,uncracked
1780.jpg,uncracked
1781.jpg,cracked
1782.jpg,cracked
1783.jpg,cracked
1784.jpg,cracked
1785.jpg,cracked
1786.jpg,cracked
1787.jpg,cracked
1788.jpg,cracked
1789.jpg,cracked
1790.jpg,cracked
1791.jpg,uncracked
1792.jpg,uncracked
1793.jpg,uncracked
1794.jpg,uncracked
1795.jpg,uncracked
1796.jpg,uncracked
1797.jpg,uncracked
1798.jpg,uncracked
1799.jpg,uncracked
1800.jpg,uncracked
1801.jpg,cracked
1802.jpg,cracked
1803.jpg,cracked
1804.jpg,cracked
1805.jpg,cracked
1806.jpg,cracked
1807.jpg,cracked
1808.jpg,cracked
1809.jpg,cracked
1810.jpg,cracked
1811.jpg,uncracked
1812.jpg,uncracked
1813.jpg,uncracked
1814.jpg,uncracked
1815.jpg,uncracked
1816.jpg,uncracked
1817.jpg,uncracked
1818.jpg,uncracked
1819.jpg,uncracked
1820.jpg,uncracked
1821.jpg,cracked
1822.jpg,cracked
1823.jpg,cracked
1824.jpg,cracked
1825.jpg,cracked
1826.jpg,cracked
1827.jpg,cracked
1828.jpg,cracked
1829.jpg,cracked
1830.jpg,cracked
1831.jpg,uncracked
1832.jpg,uncracked
1833.jpg,uncracked
1834.jpg,uncracked
1835.jpg,uncracked
1836.jpg,uncracked
1837.jpg,uncracked
1838.jpg,uncracked
1839.jpg,uncracked
1840.jpg,uncracked
1841.jpg,cracked
1842.jpg,cracked
1843.jpg,cracked
1844.jpg,cracked
1845.jpg,cracked
1846.jpg,cracked
1847.jpg,cracked
1848.jpg,cracked
1849.jpg,cracked
1850.jpg,cracked
1851.jpg,uncracked
1852.jpg,uncracked
1853.jpg,uncracked
1854.jpg,uncracked
1855.jpg,uncracked
1856.jpg,uncracked
1857.jpg,uncracked
1858.jpg,uncracked
1859.jpg,uncracked
1860.jpg,uncracked
1861.jpg,cracked
1862.jpg,cracked
1863.jpg,cracked
1864.jpg,cracked
1865.jpg,cracked
1866.jpg,cracked
1867.jpg,cracked
1868.jpg,cracked
1869.jpg,cracked
1870.jpg,cracked
1871.jpg,uncracked
1872.jpg,uncracked
1873.jpg,uncracked
1874.jpg,uncracked
1875.jpg,uncracked
1876.jpg,uncracked
1877.jpg,uncracked
1878.jpg,uncracked
1879.jpg,uncracked
1880.jpg,uncracked
1881.jpg,cracked
1882.jpg,cracked
1883.jpg,cracked
1884.jpg,cracked
1885.jpg,cracked
1886.jpg,cracked
1887.jpg,cracked
1888.jpg,cracked
1889.jpg,cracked
1890.jpg,cracked
1891.jpg,uncracked
1892.jpg,uncracked
1893.jpg,uncracked
1894.jpg,uncracked
1895.jpg,uncracked
1896.jpg,uncracked
1897.jpg,uncracked
1898.jpg,uncracked
1899.jpg,uncracked
1900.jpg,uncracked
1901.jpg,cracked
1902.jpg,cracked
1903.jpg,cracked
1904.jpg,cracked
1905.jpg,cracked
1906.jpg,cracked
1907.jpg,cracked
1908.jpg,cracked
1909.jpg,cracked
1910.jpg,cracked
1911.jpg,uncracked
1912.jpg,uncracked
1913.jpg,uncracked
1914.jpg,uncracked
1915.jpg,uncracked
1916.jpg,uncracked
1917.jpg,uncracked
1918.jpg,uncracked
1919.jpg,uncracked
1920.jpg,uncracked
1921.jpg,cracked
1922.jpg,cracked
1923.jpg,cracked
1924.jpg,cracked
1925.jpg,cracked
1926.jpg,cracked
1927.jpg,cracked
1928.jpg,cracked
1929.jpg,cracked
1930.jpg,cracked
1931.jpg,uncracked
1932.jpg,uncracked
1933.jpg,uncracked
1934.jpg,uncracked
1935.jpg,uncracked
1936.jpg,uncracked
1937.jpg,uncracked
1938.jpg,uncracked
1939.jpg,uncracked
1940.jpg,uncracked
1941.jpg,cracked
1942.jpg,cracked
1943.jpg,cracked
1944.jpg,cracked
1945.jpg,cracked
1946.jpg,cracked
1947.jpg,cracked
1948.jpg,cracked
1949.jpg,cracked
1950.jpg,cracked
1951.jpg,uncracked
1952.jpg,uncracked
1953.jpg,uncracked
1954.jpg,uncracked
1955.jpg,uncracked
1956.jpg,uncracked
1957.jpg,uncracked
1958.jpg,uncracked
1959.jpg,uncracked
1960.jpg,uncracked
1961.jpg,cracked
1962.jpg,cracked
1963.jpg,cracked
1964.jpg,cracked
1965.jpg,cracked
1966.jpg,cracked
1967.jpg,cracked
1968.jpg,cracked
1969.jpg,cracked
1970.jpg,cracked
1971.jpg,uncracked
1972.jpg,uncracked
1973.jpg,uncracked
1974.jpg,uncracked
1975.jpg,uncracked
1976.jpg,uncracked
1977.jpg,uncracked
1978.jpg,uncracked
1979.jpg,uncracked
1980.jpg,uncracked
1981.jpg,cracked
1982.jpg,cracked
1983.jpg,cracked
1984.jpg,cracked
1985.jpg,cracked
1986.jpg,cracked
1987.jpg,cracked
1988.jpg,cracked
1989.jpg,cracked
1990.jpg,cracked
1991.jpg,uncracked
1992.jpg,uncracked
1993.jpg,uncracked
1994.jpg,uncracked
1995.jpg,uncracked
1996.jpg,uncracked
1997.jpg,uncracked
1998.jpg,uncracked
1999.jpg,uncracked
2000.jpg,uncracked
